date,month,spend_facebook,spend_google_search,spend_tiktok,spend_tv,sales
2022-01-01,1,2248.3570765056165,1475.7850259674253,0.0,15000.0,17622.330819308052
2022-01-02,1,1930.8678494144076,1523.590557094827,3462.1726660819427,15000.0,17884.17455995999
2022-01-03,1,2323.844269050346,900.5397946403677,5024.309623286852,15000.0,17336.07178430456
2022-01-04,1,2761.514928204013,1774.8983024107445,1636.8259954071896,15000.0,17466.842775641428
2022-01-05,1,1882.923312638332,1603.9465427693979,3189.706167610396,15000.0,17794.096047237228
2022-01-06,1,1882.9315215254096,1799.4030329578957,2338.017822203391,15000.0,17226.543369088828
2022-01-07,1,2789.6064077536957,631.1233865418932,0.0,15000.0,17985.27321861872
2022-01-08,1,2383.717364576454,2126.5124114342184,0.0,15000.0,18772.21910530977
2022-01-09,1,1765.262807032524,1458.1231115534479,0.0,15000.0,16647.681200799074
2022-01-10,1,2271.2800217929826,1832.4548450212549,3487.872284871074,15000.0,18034.89519296338
2022-01-11,1,1768.291153593769,1188.0282218623406,4804.348109786743,15000.0,17066.147265129533
2022-01-12,1,1767.1351232148716,1683.8321715187708,0.0,15000.0,17635.26700505054
2022-01-13,1,2120.981135783017,1183.9753310479032,3719.757942148182,15000.0,16445.609765494308
2022-01-14,1,1043.359877671101,1312.8693117912585,1706.7270421288363,15000.0,15910.357114122777
2022-01-15,1,1137.5410837434836,2074.209406160036,0.0,15000.0,17334.679576870138
2022-01-16,1,1718.8562353795137,1442.795279770996,3472.4062778803773,0.0,15691.374988048268
2022-01-17,1,1493.5844398327881,1565.229861953917,4484.116028535965,0.0,17789.784623882082
2022-01-18,1,2157.123666297637,1761.0203192066263,3355.61334878566,0.0,16959.248960972163
2022-01-19,1,1545.9879622393946,1648.7045663917813,0.0,0.0,15983.405133549144
2022-01-20,1,1293.8481493323543,1545.125671543073,2999.2914054233543,0.0,16701.690829231575
2022-01-21,1,2732.824384460777,1609.4883007398676,0.0,0.0,17097.549531404788
2022-01-22,1,1887.1118497567322,2221.0246755714825,0.0,0.0,18266.81174603346
2022-01-23,1,2033.764102343962,1482.7143608899244,3882.333062323409,0.0,16506.370741962197
2022-01-24,1,1287.6259068932716,1560.3297140144903,2547.9096671669195,0.0,16385.618016024808
2022-01-25,1,1727.8086377374086,1815.1963188022837,2529.9578522404986,0.0,18115.086910715756
2022-01-26,1,2055.461294854933,1831.6577798873952,3265.8782296520485,0.0,18432.033327142224
2022-01-27,1,1424.5032112888484,1856.1090916681142,2563.2802639594047,0.0,18191.601854603912
2022-01-28,1,2187.849009172836,1691.6190666087555,0.0,0.0,17390.318315016426
2022-01-29,1,1699.6806550405975,1157.098526180855,0.0,0.0,16136.470494258592
2022-01-30,1,1854.1531251033616,1990.0294596903288,2752.974299254003,0.0,17969.942924068262
2022-01-31,1,1699.1466938853016,1156.0963820943937,2641.6598479787776,0.0,15670.946462230899
2022-02-01,2,2926.139092254469,1590.79063957171,2352.458194364841,0.0,19133.882718972192
2022-02-02,2,1993.2513876310331,1273.7172449941927,0.0,0.0,17965.068501877653
2022-02-03,2,1471.1445355220499,1480.7584960221022,2818.775826781897,0.0,17624.544586983677
2022-02-04,2,2411.2724560515944,1598.628723091044,0.0,0.0,16847.824133452246
2022-02-05,2,1389.5781750144888,1596.407164635082,4321.304032273012,0.0,17796.927237455217
2022-02-06,2,2104.431797502378,1626.5762262705855,4419.603004513638,0.0,18742.289373497184
2022-02-07,2,1020.1649380601123,1984.113380717594,2399.5764342612947,0.0,16704.823281129633
2022-02-08,2,1335.9069755507849,1636.060290454194,1133.4600486393838,0.0,18905.72248887614
2022-02-09,2,2098.4306179345617,1426.7530094128053,4007.513689836922,0.0,15597.2310068431
2022-02-10,2,2369.2332899977055,1789.2261504865073,2315.3701742399962,0.0,18913.56315583196
2022-02-11,2,2085.6841405949854,1856.841146677392,3790.6255991627686,0.0,19918.360123938728
2022-02-12,2,1942.1758588058797,1131.7176554589023,1029.8961822881645,0.0,16704.11622133174
2022-02-13,2,1849.4481522053557,1679.2200209549574,3892.5973382993093,0.0,17701.67399100864
2022-02-14,2,1260.7390048162863,1710.3518226932695,0.0,0.0,18094.014685187874
2022-02-15,2,1640.0778958026458,1410.7309489920024,0.0,0.0,18638.289056584166
2022-02-16,2,1769.6806145201062,1912.7120439934858,3014.273067836434,0.0,17755.024175373987
2022-02-17,2,2528.561113109458,1454.983323890242,0.0,0.0,16684.46292060182
2022-02-18,2,2171.8091447842307,1537.6729360414627,2592.9636870732193,0.0,17259.06829385551
2022-02-19,2,1118.479922318633,1448.0784527148392,3686.3184569567006,0.0,15640.365032377294
2022-02-20,2,2162.0419846973973,1504.6737142744403,3105.8944531152342,0.0,18627.168264622196
2022-02-21,2,1807.4588597918419,1171.1174739314395,0.0,0.0,16252.738551576753
2022-02-22,2,1661.5389998470207,1067.9847352217116,4976.440584515485,0.0,16535.379562695303
2022-02-23,2,2305.8381444204338,1978.3515189674918,0.0,0.0,19432.85428839357
2022-02-24,2,2515.4997612479756,1245.9115955045017,4617.212574968624,0.0,17377.326443090067
2022-02-25,2,2465.6400595580994,1202.5822951631078,3104.355937523213,0.0,18367.92311234697
2022-02-26,2,1580.3912383886807,853.9829659188856,2101.2159516768716,0.0,15365.405026375198
2022-02-27,2,1845.3938120743928,1308.3114756931493,0.0,0.0,17966.538910548526
2022-02-28,2,2165.631715701782,1103.0730619777505,2810.8796092229663,0.0,17327.794389293074
2022-03-01,3,2487.7725635611796,1992.6045480409107,3921.6501119244595,0.0,18994.102071440673
2022-03-02,3,1760.412881077355,1802.9451268027901,2872.450879622466,15000.0,19062.143398783046
2022-03-03,3,1907.1705116680914,1293.554896446683,4511.154930247348,15000.0,16900.079502943867
2022-03-04,3,1446.8325129969858,2175.7307416032927,1548.8243099484412,15000.0,19571.000903610253
2022-03-05,3,1401.8966879596646,1794.5296460974782,0.0,15000.0,18453.81199955244
2022-03-06,3,2406.262911197099,1402.5505849474132,0.0,15000.0,16855.834979704214
2022-03-07,3,2678.1200142854113,750.1782855379281,3363.631882624968,15000.0,16614.984504093107
2022-03-08,3,1963.994939209833,2187.2827717772225,0.0,15000.0,19402.507541596253
2022-03-09,3,2501.766448946012,1083.1282599709211,2579.2382063189466,15000.0,17410.06247132375
2022-03-10,3,2180.818012523817,1006.3803759129324,395.7861433728658,15000.0,15030.617714301192
2022-03-11,3,1677.4401226974378,1806.771129602892,3198.9481467964947,15000.0,20018.041850154106
2022-03-12,3,2180.697802754207,2231.925721901782,0.0,15000.0,19720.375350124727
2022-03-13,3,2769.0182832329847,1915.2818455531556,0.0,15000.0,17277.12263748227
2022-03-14,3,1982.0869804450242,1669.1727360157079,0.0,15000.0,20797.369817292183
2022-03-15,3,2782.3218279070034,1678.4263024995857,1928.946320350951,15000.0,20382.9417515273
2022-03-16,3,690.1274479551278,1756.0246676340923,3680.2161054504495,15000.0,18293.466020757034
2022-03-17,3,2410.9512521876118,1727.6785769360295,0.0,0.0,18010.415138899698
2022-03-18,3,2043.5235341190855,1584.3574271908128,1221.4124159934831,0.0,18870.714898437713
2022-03-19,3,1850.4963247670662,1531.2603311855628,3319.651825918977,0.0,18590.303024039316
2022-03-20,3,2045.8803882677512,1481.2220616301433,0.0,0.0,18608.771901411914
2022-03-21,3,1006.2155426995536,1273.8106233399972,2918.477326898354,0.0,16435.37425933444
2022-03-22,3,1890.164056081244,1415.7974769399677,3347.6764835383365,0.0,19017.96514008187
2022-03-23,3,2178.5562857558734,992.1129557413844,2512.7714358864478,0.0,16831.986695915257
2022-03-24,3,2738.947022370758,1470.498111961575,2324.2919208383883,0.0,19151.678015950733
2022-03-25,3,1740.8648908631762,1203.4226678547248,3034.1524174880246,0.0,16895.40538226177
2022-03-26,3,1595.7531985534063,1168.9232048352687,0.0,0.0,19760.402710893362
2022-03-27,3,1749.1214782077318,1553.9682453460434,1914.1748711148146,0.0,18597.717530741567
2022-03-28,3,2457.701058851037,1917.6006859033798,3679.3732829565033,0.0,22097.606925886234
2022-03-29,3,2164.3755548298423,1775.494981800694,1851.205964841344,0.0,19740.009350005585
2022-03-30,3,1735.1198981164807,1028.8498189130469,0.0,0.0,16408.968318575895
2022-03-31,3,2256.633716556678,1203.1115590288987,3462.591292853951,0.0,18402.285519035227
2022-04-01,4,2048.5387746740203,1782.231356396465,1274.1932712094033,0.0,19484.7491339596
2022-04-02,4,2484.3224952664445,1205.253781938507,2322.435347664345,0.0,18189.199482802258
2022-04-03,4,1648.9734530613239,1432.6100550008925,4194.109403047372,0.0,18648.2880806189
2022-04-04,4,1836.1689267011159,1665.0156297073656,2018.8344688603183,0.0,19169.5516200031
2022-04-05,4,1803.9459234339213,1209.4966635409094,2535.595737690612,0.0,16547.500778239537
2022-04-06,4,1268.2425259339407,1531.612651843788,3462.0608932518962,0.0,16825.75876631411
2022-04-07,4,2148.060138532288,1099.7923515245386,3783.3905092825953,0.0,16735.046784721773
2022-04-08,4,2130.5276360899447,1319.589706814636,2748.4611139555045,0.0,18061.56638724357
2022-04-09,4,2002.5567283212304,1595.934580242761,2402.4898053083584,0.0,18190.706209459935
2022-04-10,4,1882.7064333124265,1022.1018799404992,4422.3698616985075,0.0,16431.930901532207
2022-04-11,4,1292.3146289747929,1632.1424213881196,0.0,0.0,18639.41798609859
2022-04-12,4,1789.6773386173204,1494.1086603219956,3978.8580507817956,0.0,18319.26493976428
2022-04-13,4,1828.6427417366153,1665.7469863251442,3085.318142565024,0.0,18604.53445333885
2022-04-14,4,1598.8613653891905,1567.1742402193984,2191.734278359074,0.0,17848.203677306272
2022-04-15,4,1919.3571441669953,1909.2421289921533,2169.5555934434346,0.0,18451.292544216903
2022-04-16,4,2202.0254284072694,1537.5673507943723,3522.5141052657573,0.0,17606.337141087835
2022-04-17,4,2943.0929506052653,1371.1783376624242,3418.3982208886837,0.0,19431.899088858536
2022-04-18,4,2087.2889064159194,1536.6892509096851,0.0,0.0,17495.88315266558
2022-04-19,4,2128.775195361382,1662.9894087109165,0.0,0.0,18401.355500519272
2022-04-20,4,1962.7770421169164,1514.6580210977113,1496.919698240182,0.0,19527.777617166284
2022-04-21,4,1040.6143923504792,1512.1775073611648,0.0,0.0,16835.397319484455
2022-04-22,4,1986.7430622753916,1289.4024936579733,0.0,0.0,17902.955888139884
2022-04-23,4,2030.1151049705131,1301.1297247347156,0.0,0.0,17519.97667608738
2022-04-24,4,3231.621056242643,1079.218418460092,3250.2002062516945,0.0,17805.459076149207
2022-04-25,4,1903.8195176094387,2024.873022956082,4995.667489783964,0.0,19616.797893076116
2022-04-26,4,2150.7736711668063,1126.8410293826146,0.0,0.0,17218.036900214578
2022-04-27,4,1982.6441151473784,1292.1284406612278,3606.7230591361827,0.0,17601.154615888456
2022-04-28,4,1415.660981190234,1284.4778203292408,0.0,0.0,16445.33671210713
2022-04-29,4,2571.4114072575103,1768.4773130833323,3534.50564848055,0.0,18651.145761771037
2022-04-30,4,2375.966516343387,1411.5150965123917,3887.655425873836,0.0,17602.2601771441
2022-05-01,5,2395.5159735215234,1874.32262180212,2679.3323744428085,15000.0,20322.58877548756
2022-05-02,5,1545.3062726026305,1297.9528127268395,0.0,15000.0,16003.086512514981
2022-05-03,5,2701.3971554680497,1583.6982486671407,0.0,15000.0,18938.103660902543
2022-05-04,5,1299.0744686038597,1249.3958840220728,3497.7430890913943,15000.0,17930.633550114286
2022-05-05,5,2293.428546900135,2143.5447383320165,3665.9242520544612,15000.0,20002.208174588413
2022-05-06,5,3095.227812904989,1143.7204742911463,3421.586610614456,15000.0,19554.278076367616
2022-05-07,5,1504.7318374346557,1592.9462130681081,0.0,15000.0,18043.94937560273
2022-05-08,5,1716.851135198614,1690.1330642796295,2382.746813453077,15000.0,18806.581245026653
2022-05-09,5,2049.8256825438207,1624.1397292354495,0.0,15000.0,16641.94056056676
2022-05-10,5,1748.2621729419004,1444.4137023366875,1899.845767028305,15000.0,17537.475216775456
2022-05-11,5,1224.6682844669335,1461.0537900799723,0.0,15000.0,18310.689081498644
2022-05-12,5,2034.2814874030137,1513.1434415937329,3778.936503512114,15000.0,16841.962990731998
2022-05-13,5,1468.8481431369476,1455.8993995114533,3457.772866151886,15000.0,18164.334713174707
2022-05-14,5,2236.796215317591,1789.1637350384729,0.0,15000.0,18009.13682947496
2022-05-15,5,1540.2878828830985,2163.1569004774055,2994.4039811709536,15000.0,19224.748488279438
2022-05-16,5,2774.96720250877,1332.75246449765,3668.741655592513,0.0,17729.276475927094
2022-05-17,5,1608.3733538318816,1089.0591061262767,0.0,0.0,15661.693000652956
2022-05-18,5,1838.9692418971622,1473.5153854946236,2612.900297525599,0.0,17976.311204225927
2022-05-19,5,2406.758608684835,2273.9128012962956,3695.5377575657776,0.0,19482.9757965035
2022-05-20,5,1384.5678417830222,1258.8976296090807,3849.1021107431443,0.0,17962.05354019927
2022-05-21,5,2113.729967302065,1991.7350416332201,2706.033052335818,0.0,19509.371570510004
2022-05-22,5,2653.571377141214,2003.3102442229322,2928.400748141933,0.0,20346.758686455938
2022-05-23,5,1196.2583827193862,1333.9235274876016,0.0,0.0,17029.263582303345
2022-05-24,5,2092.3169292661523,1670.6949237555825,0.0,0.0,18706.137125932662
2022-05-25,5,2129.9413971242116,1988.5189869385613,3890.383163519786,0.0,17475.489810055136
2022-05-26,5,2390.9114358886554,1386.2616777037538,0.0,0.0,18148.9300553344
2022-05-27,5,1381.5246445609591,1438.9258919692916,3500.6657213812096,0.0,17431.43456772157
2022-05-28,5,1339.7716934578618,1325.4957258154068,0.0,0.0,16551.81512322164
2022-05-29,5,2260.970782808449,1195.57298079214,3007.0631586281766,0.0,17045.14762841329
2022-05-30,5,2148.492336616593,1305.2167364801978,2339.678860526553,0.0,15894.98423712196
2022-05-31,5,2125.2464251729384,1132.8179199713231,3698.8284202025347,0.0,15457.588946786953
2022-06-01,6,2173.2241047484877,1510.2250404777678,3420.97294438939,0.0,19129.67420532609
2022-06-02,6,1659.9876392107547,1269.0080306824075,0.0,0.0,16283.76265638469
2022-06-03,6,2116.1268485805017,1570.1357735372244,0.0,0.0,16737.895761551103
2022-06-04,6,2146.5362366493405,1033.2313061389118,0.0,0.0,14699.68506994998
2022-06-05,6,1642.824290986816,1599.264069664337,4097.152711753695,0.0,15472.423021686862
2022-06-06,6,2932.8872555723783,1750.0586884826773,2521.162543991596,0.0,17827.057235579206
2022-06-07,6,2236.9164604558937,901.8793072285633,2137.2242359568795,0.0,15735.748949627474
2022-06-08,6,1404.3482513986755,1612.2169709542716,3693.4789119139937,0.0,16973.930484068384
2022-06-09,6,2328.276804316915,1868.3006977419877,2607.9873600808705,0.0,17942.27873354025
2022-06-10,6,1512.6591648863393,1137.1076943926385,4059.936384046622,0.0,18761.534235551717
2022-06-11,6,2393.542301871226,2001.771716051311,3617.0059495766973,0.0,17818.413891422864
2022-06-12,6,2579.297789503702,1625.7057028098136,3683.569323200478,0.0,19347.76045239591
2022-06-13,6,1589.6588408241448,1288.4964432724773,1634.0442887994657,0.0,18075.9513195435
2022-06-14,6,2481.6880646221607,1483.269276702688,4211.9439853864005,0.0,17900.069478081776
2022-06-15,6,2206.390463468249,1667.4980737565168,3261.2505312338562,0.0,17218.75534901301
2022-06-16,6,2411.030079997245,1522.8016174237234,2630.722860753797,0.0,15843.684647944336
2022-06-17,6,2948.396491326974,1661.6267977339107,3143.3884673422513,0.0,18179.531511003577
2022-06-18,6,1877.3059419985648,1223.7979220761902,1223.76476710168,0.0,17265.205742978284
2022-06-19,6,1623.1319178212552,1550.8082472108233,3408.6528114806706,0.0,18362.184177349907
2022-06-20,6,1555.2427851872383,1075.885650928506,0.0,0.0,14365.559898610352
2022-06-21,6,1592.0948575172808,1466.63218159539,0.0,0.0,15519.593906828068
2022-06-22,6,1961.4491452929478,1228.827707560563,1477.6408137821088,0.0,14624.51845927493
2022-06-23,6,2170.575987408322,1279.3410172230701,4112.688374989925,0.0,15422.848512785698
2022-06-24,6,2138.3453996650096,1870.8279525631312,0.0,0.0,17631.83140419463
2022-06-25,6,2413.591624518012,1827.3930361782807,4533.727709916499,0.0,16738.45534625247
2022-06-26,6,2006.5009459389535,1682.7414362721531,2464.1985369477025,0.0,16113.561213392808
2022-06-27,6,2726.7670385786587,1172.3061705982263,1292.6420424070532,0.0,16847.978932139726
2022-06-28,6,1867.671583381022,1405.0774650915594,0.0,0.0,16283.618968958821
2022-06-29,6,3360.0845832948094,1863.929309993755,4235.811620006939,0.0,17986.85197395108
2022-06-30,6,2312.8336738825033,1542.5150740919714,2844.1018220633323,15000.0,16467.873020116192
2022-07-01,7,1571.4212217918587,2195.798861994508,2451.712703509399,15000.0,19224.675996002316
2022-07-02,7,1464.5537509694439,1617.9953518183115,0.0,15000.0,16550.193356413674
2022-07-03,7,2241.2362076215927,1557.6147349470095,3501.782736167545,15000.0,19241.570923768864
2022-07-04,7,1888.2686073370746,1407.2650607392495,4117.398815902461,15000.0,16793.21217272673
2022-07-05,7,2357.000247046046,1540.0622714346846,4448.499229892926,15000.0,14839.494742294737
2022-07-06,7,2236.6188122867725,1454.2590490858368,2640.231354210914,15000.0,14551.13972126888
2022-07-07,7,1963.5855436715635,1712.4326030065772,0.0,15000.0,17583.702245130502
2022-07-08,7,1576.6031409657976,1787.0106950383752,0.0,15000.0,17982.01777901444
2022-07-09,7,1242.5763876570677,1264.203161847615,3260.280506582886,15000.0,14853.771367439542
2022-07-10,7,1776.7425239664894,1100.6301139326665,0.0,15000.0,17267.7264916306
2022-07-11,7,2428.199397161736,949.1383880690111,2042.849085104957,15000.0,16922.877785290937
2022-07-12,7,2107.046872065102,1652.397398073763,0.0,15000.0,16575.897669361417
2022-07-13,7,1377.130610644006,1168.9900181478379,2951.347648429549,15000.0,15912.667183469097
2022-07-14,7,2086.590462925591,854.1328221142552,3032.7969954115865,15000.0,15887.203920802323
2022-07-15,7,2192.658689864418,1616.5735813592892,2241.5046652999304,0.0,18295.793821489508
2022-07-16,7,1558.0712818994334,2247.899855229837,0.0,0.0,17788.792511174583
2022-07-17,7,2076.8625529727638,1498.178726538032,2075.7668557316956,0.0,16139.378215156426
2022-07-18,7,2029.1043592229998,1751.5472323354925,0.0,0.0,16724.671765381212
2022-07-19,7,1428.5148510846884,1524.5488075642695,4035.2493347237523,0.0,16140.463131138664
2022-07-20,7,2178.8936801741415,1470.3331040426572,1153.8121377619061,0.0,16488.50887265235
2022-07-21,7,2280.3922631841174,1775.7229448963305,2070.4891398075897,0.0,14666.089990537304
2022-07-22,7,2541.5256215876384,1412.9176367434045,1503.470744909921,0.0,15969.213587133467
2022-07-23,7,2526.9010260174514,1580.2176942215708,2349.976065593102,0.0,16424.155443006137
2022-07-24,7,1311.1653160214546,1596.5093418588042,2916.562030209639,0.0,15410.822277854812
2022-07-25,7,1531.0874800424385,1299.5728639070853,1550.3547803014699,0.0,15498.21303464421
2022-07-26,7,2257.51763360433,1797.612704860957,2078.140186874687,0.0,17850.12448394155
2022-07-27,7,2256.8929754561045,1447.5120729913774,1996.0426279185015,0.0,15533.032129243742
2022-07-28,7,2257.523843153024,1273.2764521521467,0.0,0.0,15458.089483271984
2022-07-29,7,3926.365745327361,1660.952953071121,3069.3443370362506,0.0,18025.440710958377
2022-07-30,7,2285.4452553465835,1230.4596054626888,0.0,0.0,15050.360172987803
2022-07-31,7,2567.7828200902995,1508.4543472107384,0.0,0.0,14259.666157726484
2022-08-01,8,2477.0008817466014,1497.2643010067388,2453.3199154127346,0.0,15918.504106030698
2022-08-02,8,2325.6956256528993,1825.7686697494735,0.0,0.0,13450.996045569242
2022-08-03,8,1842.3653776798271,1642.4094698639858,4673.452090298537,0.0,13190.87309275304
2022-08-04,8,2379.4846102466336,1492.4919123764569,0.0,0.0,15410.290890366185
2022-08-05,8,1613.587392731214,1745.3298897600862,0.0,0.0,12670.537066160508
2022-08-06,8,1881.5906966299956,1917.0622647051941,3829.7324178791746,0.0,14412.286428547133
2022-08-07,8,1757.3182260854483,1667.3430919055586,3811.396554491592,0.0,14993.989230822344
2022-08-08,8,2040.9370696931612,1503.1057859530142,0.0,0.0,14117.77425473031
2022-08-09,8,3157.329283336754,1106.449130294952,0.0,0.0,14220.110496302515
2022-08-10,8,1066.367403704126,1180.4659010773883,0.0,0.0,14550.177585891759
2022-08-11,8,2343.1300951872568,1408.4325886935997,1877.4551937555862,0.0,14650.253801224713
2022-08-12,8,1193.642064405174,1317.1463393522151,0.0,0.0,12806.591160697195
2022-08-13,8,1764.0340671052832,1443.9086091043662,4017.6614668435022,0.0,15746.8334944794
2022-08-14,8,2544.475298483683,1516.9949774691322,0.0,0.0,13314.718421455505
2022-08-15,8,2032.1400095477313,1658.9078263070191,3551.476275239523,0.0,15360.087313378577
2022-08-16,8,1461.127611035347,1478.8503665822727,3340.5892164004968,0.0,13045.934111090966
2022-08-17,8,1642.348145370016,1645.9504931478605,3390.695920928144,0.0,15169.283641425152
2022-08-18,8,2339.798874467338,1519.342324443036,1673.527871688917,0.0,14586.253213341017
2022-08-19,8,1634.8166841414318,907.3600300938386,4047.3177066214485,0.0,14628.331266710562
2022-08-20,8,2108.2292947909873,1218.1993818543738,0.0,0.0,14613.733568226065
2022-08-21,8,2022.7859199519069,1456.7737332835154,0.0,0.0,13605.79714710675
2022-08-22,8,1674.1998261970914,1137.0915771476677,2956.5230501861374,0.0,12844.307351878702
2022-08-23,8,3071.972044662663,1679.9786189988613,1468.8924974442778,0.0,14876.710196546757
2022-08-24,8,2316.9595111590056,1959.2252497031093,0.0,0.0,17316.627262727547
2022-08-25,8,987.4287066711964,1865.628555509195,3572.0574417141443,0.0,16490.68165783964
2022-08-26,8,2093.227157384714,1435.9671387209376,2937.808983000689,0.0,13472.979463442636
2022-08-27,8,1669.106767615806,1947.2178410549857,4124.353359870503,0.0,16168.881912388488
2022-08-28,8,2426.216667398112,1544.6002371606335,2665.9227690200596,0.0,13235.726406320946
2022-08-29,8,1603.7396307836498,1398.8742086645882,3564.6059258936,15000.0,14213.774016579717
2022-08-30,8,1942.6317792665504,1315.9792009377181,1980.3356613078845,15000.0,13602.666076754782
2022-08-31,8,2252.4936394902284,1409.2590940535615,0.0,15000.0,15723.887233508132
2022-09-01,9,2432.8775970850606,1383.5469544376315,0.0,15000.0,13309.307747196679
2022-09-02,9,1399.8517964721118,1551.1248667126463,0.0,15000.0,14773.244736009816
2022-09-03,9,1832.7493820795257,1548.1721943149594,2630.4730711666416,15000.0,14706.229732595035
2022-09-04,9,1762.5273444195218,1500.9138060460243,0.0,15000.0,14258.12417576261
2022-09-05,9,1673.335383713144,1631.0814509239049,3826.047171441506,15000.0,16628.46393925735
2022-09-06,9,2882.7271201405483,1857.1938824359024,0.0,15000.0,17521.761829466006
2022-09-07,9,2202.490855480478,1784.8662406323972,1393.4228992613207,15000.0,15381.123692988245
2022-09-08,9,1369.5580228324775,1054.5306094650289,4749.58390420542,15000.0,13623.436771936153
2022-09-09,9,2458.9309735273882,733.8236595294136,4381.454078690486,15000.0,12197.830086975295
2022-09-10,9,3061.0780985063166,1780.295973371782,0.0,15000.0,15783.733056815077
2022-09-11,9,2516.2326302755737,1089.9363904753736,3689.7078052451943,15000.0,16599.035922900304
2022-09-12,9,1240.3150170229933,1432.5703794321948,0.0,15000.0,14142.526269978864
2022-09-13,9,1757.8829635668744,1148.9660921821921,3263.48721533106,0.0,14582.951813340564
2022-09-14,9,2633.455574593311,959.4058687259941,0.0,0.0,12121.305168056511
2022-09-15,9,1646.1652671906097,1662.4388184614363,2765.592199683678,0.0,14146.663201369105
2022-09-16,9,2221.909714073114,1727.746548090794,0.0,0.0,15194.923892121402
2022-09-17,9,2387.3170267146684,1327.0468797819842,0.0,0.0,14008.79876569737
2022-09-18,9,1536.5347642109587,722.6873123565271,2083.808084518758,0.0,13178.076545805603
2022-09-19,9,1970.2373219690999,1336.1266655242553,2168.1777917695554,0.0,13023.935863673043
2022-09-20,9,379.3663299654638,1617.541201620764,0.0,0.0,11502.034742837557
2022-09-21,9,1487.8061793328552,1056.3265293677614,2284.240010889248,0.0,13819.272848104069
2022-09-22,9,1873.7159243034198,1555.0079759337466,0.0,0.0,12744.473670338295
2022-09-23,9,1376.1084090175752,1495.4070452481014,0.0,0.0,13849.185864830319
2022-09-24,9,2816.2056519658177,1673.7874498803264,0.0,0.0,14697.218115193838
2022-09-25,9,1284.9293110196836,1535.874110524246,0.0,0.0,11723.36521454956
2022-09-26,9,1779.9777566515081,1208.0793177355333,3499.685110302934,0.0,14286.832396150015
2022-09-27,9,2065.3702886430456,1858.9714504993474,0.0,0.0,13851.529053811753
2022-09-28,9,2720.6366445330577,1452.441128091909,0.0,0.0,14037.436182641652
2022-09-29,9,1282.0689244102803,1491.8086381470205,0.0,0.0,12950.331030707182
2022-09-30,9,2581.58187607748,1220.0196122780412,0.0,0.0,14792.228417784072
2022-10-01,10,2005.1165305097936,1367.0153246425468,0.0,0.0,14562.092379591133
2022-10-02,10,1509.2456744760245,1234.5591857919298,3869.156064389273,0.0,11394.494238485839
2022-10-03,10,2231.0517371316355,1448.1161820229731,0.0,0.0,15947.299321461527
2022-10-04,10,2099.529847786735,2013.512544042703,2236.713895821418,0.0,14301.039328116365
2022-10-05,10,1699.8915614206026,1088.4296571205932,3037.937835447602,0.0,15368.481498946643
2022-10-06,10,2034.9010424950095,1015.9315806369777,3683.3289928110694,0.0,12949.032479668484
2022-10-07,10,1807.3432015691199,1941.3510982480825,2790.6861804206383,0.0,14573.881146547046
2022-10-08,10,2056.758672625624,1437.2028968544403,4072.9780477660115,0.0,14088.640562483959
2022-10-09,10,2331.0653372605234,1299.278178402025,5363.872494619361,0.0,13922.310199760901
2022-10-10,10,2793.008408072676,1811.971406218823,2214.0139673650174,0.0,17920.74176167143
2022-10-11,10,1381.0922505865756,1318.3153380789408,1618.955396846225,0.0,13709.156438911932
2022-10-12,10,3066.5166873281332,2047.8029140640808,3303.8185956048756,0.0,15499.83223188457
2022-10-13,10,1023.9561002387491,1703.3777614017808,3721.5625051261436,0.0,14626.77417835911
2022-10-14,10,1924.1074524822084,1353.6265775562892,0.0,0.0,12760.961586428495
2022-10-15,10,2294.1586032422883,2147.192463979651,4453.260663321034,0.0,17264.913854934028
2022-10-16,10,2140.495933867516,1318.2855230989985,1661.3942002767512,0.0,12635.25342277856
2022-10-17,10,1688.6502400897032,1722.628611602792,3692.918623031611,0.0,14033.40411155592
2022-10-18,10,1895.9388748213623,1589.7877741219477,0.0,0.0,15153.90556890102
2022-10-19,10,1753.4995326705837,1890.5223868196395,0.0,0.0,14570.618489765284
2022-10-20,10,1705.3176215278943,1968.4533590180558,4992.515353168118,0.0,15658.008714902462
2022-10-21,10,2424.8010485105124,1509.60124471973,0.0,0.0,15873.017755691133
2022-10-22,10,2178.5077429825237,1273.974638896145,2450.44286409142,0.0,14878.238463740494
2022-10-23,10,1653.545202369673,1637.9916428817348,0.0,0.0,14208.412886645434
2022-10-24,10,2449.799937716625,1296.6853890743682,0.0,0.0,15735.045783171083
2022-10-25,10,2153.649760438305,2104.0161742579867,2954.5887820677617,0.0,14748.432689328418
2022-10-26,10,2406.43105941948,1540.9605993248213,0.0,0.0,14282.896198754646
2022-10-27,10,2314.8144209618063,1390.4035346063674,1080.3268438023438,0.0,13981.813375577995
2022-10-28,10,1585.502494538964,1555.4040917594725,2986.1622539057626,15000.0,14381.668778016854
2022-10-29,10,1719.9094799015152,1095.862113141091,2310.272225935826,15000.0,12677.672978493361
2022-10-30,10,2373.646802561631,1208.5157884468044,2506.877177600228,15000.0,12743.71385813833
2022-10-31,10,2305.1851327167324,1860.1241723833277,0.0,15000.0,15917.769455429188
2022-11-01,11,2984.323804526889,1954.397574462872,0.0,15000.0,19523.778893066938
2022-11-02,11,3087.995537481587,1778.890057793127,0.0,15000.0,21839.6228405939
2022-11-03,11,3958.2486718413184,2491.493738637279,2721.0370696681916,15000.0,21928.67109947519
2022-11-04,11,2556.3214583731274,2783.5668695983486,0.0,15000.0,21795.468547808447
2022-11-05,11,3410.323035877528,2573.5289897992798,3790.3718960517112,15000.0,23423.839933648833
2022-11-06,11,2848.3555106745794,2698.2214586126174,0.0,15000.0,22564.986544930947
2022-11-07,11,2836.739097579585,1909.4422101437426,3570.612997219531,15000.0,20759.298367423504
2022-11-08,11,3824.0826389903923,1610.18519996617,3968.184660532861,15000.0,20198.133543588854
2022-11-09,11,3619.0622617410227,2925.6001433799693,0.0,15000.0,26683.519093544648
2022-11-10,11,3610.1322270004785,2104.7940725210387,2387.76326549225,15000.0,22209.99151530819
2022-11-11,11,3979.1091053657465,2137.1251425952287,1914.849473442202,15000.0,23050.130445695428
2022-11-12,11,3015.752881224569,2847.687363832076,2174.5894700210447,0.0,21814.492179514586
2022-11-13,11,3511.464728471223,2500.3035042302968,5949.0944253087255,0.0,22144.930797824
2022-11-14,11,2767.299932554908,2455.1494974367233,4244.679580736787,0.0,24407.93056172445
2022-11-15,11,3243.124764366332,3224.2510552054882,1648.9256337919787,0.0,24992.352129973482
2022-11-16,11,2902.3927092242366,1960.4167963289358,1677.54204325643,0.0,21609.90652951198
2022-11-17,11,3072.746973744538,2667.5280576365567,3481.8660617184914,0.0,21998.061497974748
2022-11-18,11,3446.367769077685,2275.655906203688,3547.2647973779667,0.0,21770.213825486968
2022-11-19,11,2386.334487574896,2370.8665254884654,0.0,0.0,20734.01115244929
2022-11-20,11,4569.290456764094,2937.8107918856394,0.0,0.0,21961.70738688439
2022-11-21,11,2245.4869638752234,2478.5260903303306,0.0,0.0,22406.049061434387
2022-11-22,11,2089.358540409201,2492.2332355723347,3327.8795241593575,0.0,21991.18262810209
2022-11-23,11,3868.5831551250512,2732.628301789411,0.0,0.0,23180.147371204468
2022-11-24,11,3593.747020472202,2085.7712717057016,0.0,0.0,20930.92781607231
2022-11-25,11,3468.089862789116,1872.355649697447,2770.200369424806,0.0,21269.67385729181
2022-11-26,11,3471.25913194821,1779.8358626905347,0.0,0.0,20206.271036481154
2022-11-27,11,2990.814920364814,1365.1395347807993,3175.211418908512,0.0,19166.363272615316
2022-11-28,11,2327.059221385626,3175.2932084731447,5985.25900260341,0.0,24941.522446108367
2022-11-29,11,3056.853418645295,1753.5562354252427,3367.4816654743045,0.0,21336.735816426753
2022-11-30,11,2492.1287163659163,2150.4358693864024,0.0,0.0,21773.24716486417
2022-12-01,12,3731.3398000633133,2125.4340150499856,3921.801501977252,0.0,22827.057567382286
2022-12-02,12,2889.706963873396,2388.333014014095,3482.687887209213,0.0,22495.334403987137
2022-12-03,12,2380.8771024056164,2617.0817456426835,3420.0944904518415,0.0,22845.919834686174
2022-12-04,12,2758.960618760255,2637.2130697618854,3606.850593215671,0.0,21764.352619449448
2022-12-05,12,3309.6985907067183,1987.6151526439776,5056.5435648295415,0.0,21212.152465810334
2022-12-06,12,2577.206585397019,2174.795228796115,0.0,0.0,20834.7160589068
2022-12-07,12,2383.3347033251766,2377.1609777197345,3473.6320768114547,0.0,22765.434777132275
2022-12-08,12,3182.765408618934,2138.088993217404,2073.6188700184616,0.0,22117.81222962184
2022-12-09,12,3183.7249283315423,2973.3055092089967,0.0,0.0,22543.18467952769
2022-12-10,12,2619.7926184716525,2470.938728237213,0.0,0.0,22887.84472840065
2022-12-11,12,2646.721270786258,2580.695003722418,0.0,0.0,22842.909207971043
2022-12-12,12,3174.0374530182276,2548.2965709003356,2704.910085762094,0.0,22100.394471546577
2022-12-13,12,1913.9367438770068,2778.063235868396,0.0,0.0,22549.505791931406
2022-12-14,12,1944.4021692175836,2331.4597014166684,0.0,0.0,22125.63987447378
2022-12-15,12,2461.166834060673,1666.4256234198692,1754.2826235536156,0.0,19805.87199515595
2022-12-16,12,2839.9146362161146,2429.8595782886887,3054.9341109998486,0.0,23055.17816597741
2022-12-17,12,3233.1806741985038,1956.8893977936768,2290.4201452508273,0.0,22376.980963828195
2022-12-18,12,4106.517162712164,2012.1224932126092,1741.4950893246655,0.0,21583.6452347681
2022-12-19,12,3643.244717401514,2513.863808439792,2782.9829495756294,0.0,23816.746053491446
2022-12-20,12,2880.0461025274294,2807.2273821451363,2691.51721154418,0.0,24331.977974846523
2022-12-21,12,2985.7378440729835,2259.5722095312276,5426.716486345522,0.0,22645.917840224036
2022-12-22,12,2248.1029765216435,2388.9748556695336,3432.9598253606964,0.0,22546.479665486564
2022-12-23,12,2986.115148005708,3015.996725085857,1622.3824992457628,0.0,23369.564487543445
2022-12-24,12,2783.506020809896,2358.338930769856,0.0,0.0,22592.78438087138
2022-12-25,12,3242.038920253567,3420.7574013811773,0.0,0.0,24925.23847304541
2022-12-26,12,2379.576792335758,2504.479340534195,5088.442772869925,0.0,23051.983573584108
2022-12-27,12,3389.509885680879,1457.656758379882,1414.0166877620418,15000.0,20587.17064407781
2022-12-28,12,4149.5541847519335,2589.00372949704,1120.075614860955,15000.0,23812.59348631403
2022-12-29,12,2918.429888657357,2421.52127319725,4870.965175371783,15000.0,23976.31460020102
2022-12-30,12,3301.2837915742057,2830.388739337235,0.0,15000.0,25810.209937336454
2022-12-31,12,3517.6079937833347,2552.931608071481,2131.7072681236336,15000.0,25377.58248241991
2023-01-01,1,1799.389764057082,1458.463204804868,0.0,15000.0,17622.82331461828
2023-01-02,1,2112.0462409052084,1132.7105291131902,0.0,15000.0,15002.078899101358
2023-01-03,1,2006.2962003908974,1437.2930228141925,3003.375506597161,15000.0,16641.097091216572
2023-01-04,1,2048.838049274416,1244.84386373721,3327.821172843085,15000.0,13959.680111670836
2023-01-05,1,1613.4951080722667,1325.842965058583,3924.27013953783,15000.0,16911.67582321229
2023-01-06,1,2012.2550871294713,1676.5735213261828,1986.1040477074623,15000.0,17874.038161446475
2023-01-07,1,2248.999145622725,2000.9713513054219,3085.687161403359,15000.0,17839.818952689977
2023-01-08,1,2725.571803897521,1618.4014589468943,2074.5753739404126,15000.0,18066.27899780355
2023-01-09,1,2479.6354130426034,1141.2350813894448,0.0,15000.0,15001.865375827554
2023-01-10,1,3076.5912287557785,1633.3808004660423,2104.6536776369758,15000.0,16946.976579276983
2023-01-11,1,1616.3262185559752,1858.9894459936954,0.0,0.0,18141.677593414097
2023-01-12,1,2436.1603183603393,1317.0651287041853,0.0,0.0,16897.07512437974
2023-01-13,1,2091.671002869176,1459.7948499981246,0.0,0.0,15908.201605599417
2023-01-14,1,3094.901466608836,1504.406458418759,3858.4511166566654,0.0,18080.625846334977
2023-01-15,1,1595.8508573224242,1264.530506075328,2765.379430042586,0.0,16452.37449439529
2023-01-16,1,1580.139078909612,1694.4841301531578,0.0,0.0,16177.458141585068
2023-01-17,1,1700.303677277989,1463.7155554176654,1551.4085853664558,0.0,16160.321208940824
2023-01-18,1,938.0521378450965,1625.8597331721082,0.0,0.0,15604.916050909938
2023-01-19,1,1737.1224891596194,1233.75234665937,0.0,0.0,14332.515570671698
2023-01-20,1,1620.433669223151,1368.762509902977,5620.793091029975,0.0,17583.63382214561
2023-01-21,1,2075.1968932381037,1716.7144073483314,1888.0329742258364,0.0,16647.196761670108
2023-01-22,1,2170.87798788858,1388.1500543724699,4464.177238752438,0.0,16149.847276541932
2023-01-23,1,2938.085419607943,2018.0891553700217,3996.858773465808,0.0,17101.803082548282
2023-01-24,1,2475.2119190930252,1380.1091443156192,3280.6364044901366,0.0,14790.205178730735
2023-01-25,1,1711.5481721687984,1567.4054177255657,0.0,0.0,17697.210615058157
2023-01-26,1,1550.792664325821,1779.777249561927,0.0,0.0,17827.929066235763
2023-01-27,1,2245.9595857532527,1074.4902801200906,3389.1591956679285,0.0,17432.572268596246
2023-01-28,1,1339.883396489679,971.7573564057673,2946.8793469824545,0.0,15488.924573904267
2023-01-29,1,2915.7293829271766,1042.3031056289715,4223.568882418627,0.0,16278.019862365814
2023-01-30,1,2589.7200603606434,1878.7752310281546,4096.469233810883,0.0,17892.197567338862
2023-01-31,1,1765.4121739476477,1334.442556232266,2374.3227125037874,0.0,16638.28703972076
2023-02-01,2,1143.4327354545612,2267.4597857004755,1680.7528054012325,0.0,19341.97662448386
2023-02-02,2,2676.9361870827065,1330.7257204027835,2797.019362604343,0.0,17261.79240378707
2023-02-03,2,1942.730077373691,1555.365390959111,2199.9614356023535,0.0,17758.430694417184
2023-02-04,2,2618.908155986731,1962.6329857703627,2936.475425384645,0.0,18094.080322920403
2023-02-05,2,1202.7861706028166,2101.8278664477366,4237.438134684139,0.0,19759.721841433617
2023-02-06,2,1700.3124885231136,2118.4510729909193,2542.69834491321,0.0,16625.9167809296
2023-02-07,2,2002.6218498590915,1862.5098691779426,2957.176618688425,0.0,17027.08492875003
2023-02-08,2,2023.490296882371,1807.2187577434388,3058.0227348083954,0.0,18568.68814562121
2023-02-09,2,1774.9672642603782,1677.758084760355,0.0,0.0,19311.6584683586
2023-02-10,2,2311.4249661737495,1733.5083228499914,753.1106660153946,0.0,17562.075051568474
2023-02-11,2,1466.1897853087028,1334.64428510144,2393.299705234703,0.0,15965.346899483571
2023-02-12,2,1928.8102574893533,1254.5403349733078,3211.2836922794727,0.0,17865.964211968665
2023-02-13,2,2060.1478158559494,1498.9876627767144,4200.078956426862,0.0,17942.47896825696
2023-02-14,2,2257.2194170293747,1448.9446132425214,0.0,0.0,18715.62177478761
2023-02-15,2,2355.807439044445,1364.0315852018175,0.0,0.0,15868.284085623754
2023-02-16,2,1437.6789540810655,1708.9162342370146,3619.711445966136,0.0,18894.25263122915
2023-02-17,2,1232.9429146321888,1786.5915625711532,2364.6376111743707,0.0,16156.461252001387
2023-02-18,2,2638.8384109492545,1526.5220658875542,1810.3333409096388,0.0,17554.339101766782
2023-02-19,2,2166.157005989796,1943.2590243165787,2375.654610286776,0.0,19018.96019144252
2023-02-20,2,1625.756731721723,1157.4932657599484,0.0,0.0,16857.63672521568
2023-02-21,2,2775.5759877612613,1441.9021622160847,2395.255335461787,0.0,18760.4140146879
2023-02-22,2,2057.8373171464295,1284.9533038191585,794.433942900931,0.0,15323.269958144581
2023-02-23,2,2589.6485920319133,940.039014878082,0.0,0.0,16621.36595031189
2023-02-24,2,2033.7592407050545,1475.1957942471902,0.0,0.0,18374.88702925488
2023-02-25,2,3030.3739624409936,1463.4757474850148,0.0,15000.0,17967.485775610992
2023-02-26,2,2877.6704212216023,1954.0349229726394,0.0,15000.0,17848.1896558225
2023-02-27,2,1875.5179257604632,1689.2435053664333,2798.508466052482,15000.0,19598.25107134627
2023-02-28,2,2485.785475477178,1192.7439527012384,2993.478684770542,15000.0,17338.380058032115
2023-03-01,3,2322.6879747925736,2056.2277699002566,3598.79438956191,15000.0,18912.874217813405
2023-03-02,3,2684.3157787661744,1866.310108657606,3668.340488718081,15000.0,18876.17701039809
2023-03-03,3,1517.5382697099478,1674.6293110405848,0.0,15000.0,18472.04625350541
2023-03-04,3,2343.0257299992195,1432.0547703450504,3081.9955564135603,15000.0,18744.14128501877
2023-03-05,3,2529.212243424794,1212.168228982956,0.0,15000.0,16752.17997818815
2023-03-06,3,1120.6302567884427,1388.337967178684,4455.822322146767,15000.0,16942.801603981196
2023-03-07,3,1408.3707436671125,1826.6245859112557,3704.506539824723,15000.0,18254.078910542867
2023-03-08,3,980.3839111199497,2065.3758917803825,3789.056687375519,15000.0,18369.275121881208
2023-03-09,3,1865.2965827777211,1962.9730584816566,0.0,15000.0,19323.040429572597
2023-03-10,3,2358.7711278979814,1353.3451734641178,4410.459145203504,15000.0,19055.29271484425
2023-03-11,3,2751.178526048014,1164.1147700132967,0.0,15000.0,18440.27596687789
2023-03-12,3,2037.0473902098877,1542.2658740733611,2138.9120898264296,0.0,18812.166993665887
2023-03-13,3,2814.307772785646,969.4681903311445,4403.369970125191,0.0,19631.040713462822
2023-03-14,3,1309.9492708925543,1596.9503142554345,3697.9032725390275,0.0,18883.964020821015
2023-03-15,3,1148.3087803224225,1455.7192241103994,0.0,0.0,18437.24977954445
2023-03-16,3,1972.2261505516906,1360.1890494395273,0.0,0.0,17121.749130788172
2023-03-17,3,2192.0327244696537,1021.5890798199614,3296.5755451407617,0.0,18189.19918916358
2023-03-18,3,1983.6526259529535,1654.080031970915,0.0,0.0,17681.278688095183
2023-03-19,3,966.2789499800617,1340.1897481014266,3197.2922656312066,0.0,17721.79982005427
2023-03-20,3,1955.4399802436058,1149.0249492869136,0.0,0.0,15630.704515746149
2023-03-21,3,1347.7652497475733,638.3213360155052,4699.957374576381,0.0,16220.329627858871
2023-03-22,3,2334.836274415019,1491.745528484809,4071.5431522348854,0.0,17257.827674395427
2023-03-23,3,2183.299123048424,2031.6754790009231,3190.6355912650242,0.0,20411.148711858626
2023-03-24,3,1530.0601068363223,1998.377764364361,3941.3105807674833,0.0,20160.13438104533
2023-03-25,3,1743.0665413316533,1362.8711230241183,1967.4760964724605,0.0,17478.42674145262
2023-03-26,3,1470.3932390555242,1319.3363818914659,3397.927049946809,0.0,19694.34994888898
2023-03-27,3,1968.660451363414,1640.632276822507,0.0,0.0,17885.32146152155
2023-03-28,3,2477.571160250619,1200.4843682435126,2781.954104607626,0.0,16158.681565598301
2023-03-29,3,1507.1369768322281,1590.5375699458398,2152.366071380915,0.0,17287.969205119676
2023-03-30,3,2252.023257758922,1729.824083515407,2347.911111406939,0.0,17626.55604946716
2023-03-31,3,1734.8711908137795,1868.0799671652921,1910.3669626576116,0.0,19135.694472134866
2023-04-01,4,1603.563583868828,1469.9537770560141,2215.2380918722965,0.0,16671.548376636933
2023-04-02,4,1946.4848200227211,1438.8978749469102,0.0,0.0,17140.68879378661
2023-04-03,4,1482.378838790313,1236.6052239730316,1594.432980821358,0.0,17422.017577770745
2023-04-04,4,1723.1753473264089,1251.935893788042,3015.618333949603,0.0,17465.59359397093
2023-04-05,4,1401.061053705576,1432.056332429542,3902.277173786647,0.0,17695.705540944706
2023-04-06,4,2982.3625664581946,1610.2096520448533,2092.2438198530795,0.0,18883.730413210204
2023-04-07,4,2017.6317759858644,1774.0753878699747,4519.2839236417685,0.0,18673.27805782704
2023-04-08,4,1650.1372460037073,1259.0463147958965,3510.792088527595,0.0,16230.865574089066
2023-04-09,4,2106.989955367111,1947.8065706878565,4030.580585624057,0.0,18874.917193589405
2023-04-10,4,1943.8359751545852,1418.6629196872293,2342.165446147863,0.0,18691.367934062648
2023-04-11,4,1889.5152002333884,1493.589811695469,3854.5252270666156,0.0,18161.661572656427
2023-04-12,4,2307.0833500217127,1275.836496255653,1908.066099604687,0.0,18322.543899534307
2023-04-13,4,2378.7538550236527,772.7279219181175,0.0,0.0,16096.416910033158
2023-04-14,4,1734.7494261947363,1765.2136189083149,3171.839339793531,0.0,19406.156400322674
2023-04-15,4,1712.09087967766,1721.05316912773,3553.251219984784,0.0,15964.142213907217
2023-04-16,4,1862.474151424178,1415.601732864536,1824.4053943751483,0.0,18027.426673952796
2023-04-17,4,849.0394176322077,1520.0972151674616,2104.9301577233955,0.0,18829.90585737168
2023-04-18,4,1242.4044689007237,1654.7817653112297,3597.2282182533845,0.0,19421.1330436043
2023-04-19,4,2683.4371337222624,1031.2362429340371,2051.651995775799,0.0,17157.08482004134
2023-04-20,4,2822.4838567506417,1341.2841967961115,3463.206292099123,0.0,16909.944314192828
2023-04-21,4,1875.4819802218108,1738.2794038865482,1632.8621935397543,0.0,19932.55245585583
2023-04-22,4,2288.2784815278833,1123.7131730492251,3848.174212666668,0.0,17603.644878216302
2023-04-23,4,2155.625077271768,1588.0673796499889,0.0,0.0,17964.781895720793
2023-04-24,4,3539.440404227619,1093.0254586129786,0.0,0.0,16754.83302352103
2023-04-25,4,2559.787455717288,1639.9289947300579,0.0,0.0,16974.116223432156
2023-04-26,4,1936.0412042596167,1489.3075553107549,0.0,15000.0,18419.2292269052
2023-04-27,4,1522.229779699787,1015.4604552283472,3582.026567084727,15000.0,17751.354453645607
2023-04-28,4,1196.7768398712137,1849.4218063371513,3260.442263333556,15000.0,18772.005495290454
2023-04-29,4,2101.7318179336116,1279.6225269605852,2461.1581438072617,15000.0,17280.544719422785
2023-04-30,4,1621.8246273578484,1256.9242688956856,0.0,15000.0,16482.540139376084
2023-05-01,5,1288.873145201163,1560.1707591692827,1037.374308327421,15000.0,16447.078609851204
2023-05-02,5,1676.7135578787368,1844.5912048286145,3349.6500472996936,15000.0,18280.199300341643
2023-05-03,5,1459.2259981928025,1195.253454306481,1435.1972286379448,15000.0,16487.22373999351
2023-05-04,5,2843.5708175362824,1518.5039549543915,3095.3441994413083,15000.0,17073.465780040235
2023-05-05,5,2440.819878474725,1628.6449500991719,2736.551783917751,15000.0,19723.335790313526
2023-05-06,5,1996.0136793416914,1707.9316821789432,0.0,15000.0,17453.485765967795
2023-05-07,5,2739.972069445013,1552.9324665831675,2697.954500510136,15000.0,19873.521121173537
2023-05-08,5,2038.684153823809,1389.8916482750033,0.0,15000.0,18460.495304503427
2023-05-09,5,1569.3578993358683,1251.7229338053842,3731.8707042882957,15000.0,17997.139170707374
2023-05-10,5,2761.5620386348287,1525.8431649139125,0.0,15000.0,20113.67239188692
2023-05-11,5,2269.455021842329,1178.358296404318,3316.1559571827784,0.0,16504.70335784537
2023-05-12,5,1481.3769228367719,623.5948549516178,3469.2675898085263,0.0,17058.98452003494
2023-05-13,5,1904.830660958196,1630.9679412473004,1464.4278767928943,0.0,17668.586677798772
2023-05-14,5,1562.1908733076214,1771.1804523258586,3756.788679986982,0.0,20905.47593240334
2023-05-15,5,1308.600134517832,791.1202693374485,0.0,0.0,15536.461229862927
2023-05-16,5,2463.088773765821,1197.0807885870188,1983.3168714235028,0.0,16497.419435654454
2023-05-17,5,2954.708320235065,1685.7462783015594,0.0,0.0,18608.29294100206
2023-05-18,5,1300.7162130904294,2117.2486409135095,0.0,0.0,18026.451933630404
2023-05-19,5,2281.4846183452855,1506.2381123026223,2865.503215598267,0.0,16898.368648805772
2023-05-20,5,1674.6787154390865,1281.5991176312596,3333.8599665685347,0.0,16061.000147855086
2023-05-21,5,1756.437308117652,1445.131067668548,0.0,0.0,18456.95629600323
2023-05-22,5,1703.8030378805654,1912.4629257444553,0.0,0.0,16529.001962210183
2023-05-23,5,1568.004615160092,1306.2107462626395,0.0,0.0,16605.750386049433
2023-05-24,5,2024.2608139724134,1260.2423980049239,3622.0699903060486,0.0,17792.891144782334
2023-05-25,5,1584.524941794481,1355.1769433453903,4328.933319535409,0.0,18067.896901586733
2023-05-26,5,2135.2284128899196,1214.0014175223864,3386.808520689203,0.0,16348.723436287677
2023-05-27,5,1974.8809452754315,1536.8010947984387,4090.980425185967,0.0,17403.02639273957
2023-05-28,5,1880.5259765667952,1987.4035375408682,0.0,0.0,17738.82080107316
2023-05-29,5,1546.218168979201,1596.9237819348086,4023.709546106981,0.0,15918.864161844862
2023-05-30,5,1711.6143347158336,1424.2939493621138,3249.308595641729,0.0,17622.50335615795
2023-05-31,5,2377.695612912878,1412.4566193253368,0.0,0.0,17079.651303571154
2023-06-01,6,2250.4585938121904,1031.0427573910029,3144.887833096891,0.0,17857.005645917077
2023-06-02,6,1511.2223776007245,1764.9329331441477,3023.9030432849554,0.0,16642.868153926956
2023-06-03,6,2049.666152714613,1476.6488408961593,2648.5857642862675,0.0,18264.71438080595
2023-06-04,6,2375.6935616858946,1445.8560259228123,0.0,0.0,18146.334511864545
2023-06-05,6,1165.2973594393143,2457.932270353458,0.0,0.0,18200.36546347664
2023-06-06,6,2271.6800961899676,1589.625872509706,4532.367724678116,0.0,15275.18123050615
2023-06-07,6,1668.6881205270765,1274.4626849714448,0.0,0.0,15712.157795784009
2023-06-08,6,2285.2993342965797,1372.092721138337,1600.6938251980584,0.0,18362.321291803943
2023-06-09,6,1618.3704217287416,1844.5337127590265,0.0,0.0,17340.15989962153
2023-06-10,6,1097.5589496677405,1533.9811231613294,899.9734923483761,0.0,16849.390355955777
2023-06-11,6,1186.2287810584187,1068.51660650479,3625.508016831036,0.0,15307.865375174146
2023-06-12,6,2024.0424733306909,1775.768680372561,0.0,0.0,16635.758160746518
2023-06-13,6,2129.861250860741,1299.5567743383017,2407.6440443479464,0.0,14466.836295348236
2023-06-14,6,1547.8416874477957,2061.989332865264,3123.547695955582,0.0,18396.775437205044
2023-06-15,6,2319.296229388687,1824.0144197143945,4954.157433750286,0.0,18889.153168652083
2023-06-16,6,1169.23996886552,1365.8034313023745,2494.253295738063,0.0,15351.881651742422
2023-06-17,6,1966.9601006763417,1884.304908520534,0.0,0.0,16975.862076948295
2023-06-18,6,1394.4919001187718,1520.356653158221,4481.663402462598,0.0,16241.738717588009
2023-06-19,6,1674.0819460989205,1755.8321025366658,4962.587190530795,0.0,17595.43333442342
2023-06-20,6,2023.699335658207,1645.4198451883424,3003.6956718478473,0.0,16563.41751639669
2023-06-21,6,1569.7933173580238,1246.093003502738,4011.4630354083565,0.0,17089.209605281794
2023-06-22,6,1807.7222278850872,1306.9350503047615,0.0,0.0,15975.832930072274
2023-06-23,6,2503.14640460722,1808.9882452743484,2257.5157674616157,0.0,14668.174695398322
2023-06-24,6,1711.5540652384257,1399.5674003680379,0.0,0.0,16421.909110418608
2023-06-25,6,2417.846056032571,1378.905461027401,4230.874513154735,15000.0,17698.270685294898
2023-06-26,6,1435.1465726711908,1213.4632261951942,0.0,15000.0,14638.946736572163
2023-06-27,6,2264.9020889576414,1627.0797196780384,3562.880860174355,15000.0,17513.605835024773
2023-06-28,6,2720.78431032895,2118.7574757729435,2120.1856464979455,15000.0,20242.61532198062
2023-06-29,6,764.1777499363554,1179.7401257237182,4987.061111699441,15000.0,16182.722352013774
2023-06-30,6,1601.5523722647617,1507.2658370018273,2469.0291021880357,15000.0,17753.918199804284
2023-07-01,7,2288.53606359027,1923.6661666246287,2664.862218828548,15000.0,17360.30409215234
2023-07-02,7,1898.4773069785037,1476.1075826262854,3342.3378344896214,15000.0,16949.215459627158
2023-07-03,7,2185.5729366856544,1635.7115388749203,0.0,15000.0,16794.273995262633
2023-07-04,7,1698.0074066420898,1181.281941555936,0.0,15000.0,15308.212691791985
2023-07-05,7,2043.29489373645,1628.4921291622945,0.0,15000.0,16274.89396444197
2023-07-06,7,1922.1613823039602,1443.8567204986355,3463.2885301181063,15000.0,14782.652436569751
2023-07-07,7,2583.8910308299037,1795.718998703959,3043.514668643466,15000.0,17140.133435988064
2023-07-08,7,2127.2104216506063,1856.2158154694253,3558.139514518506,15000.0,18949.351474922045
2023-07-09,7,2168.801331037601,2276.8690926055842,470.4399223056971,15000.0,17186.374615064906
2023-07-10,7,1794.0615169387663,1673.8899519640727,2703.392540930202,0.0,15760.254945610603
2023-07-11,7,1756.1968879637532,1597.7388949746498,0.0,0.0,16192.825051321863
2023-07-12,7,1783.7209060901896,1558.3152904732008,1848.9859163804929,0.0,16075.887403046985
2023-07-13,7,2197.2260711891486,1394.0501121567936,0.0,0.0,15935.433015011493
2023-07-14,7,1789.5077595898686,1601.5451530385074,2795.5287790138786,0.0,15804.946421203245
2023-07-15,7,2144.8874284482063,1411.3795769582912,4755.47569831549,0.0,16012.253998694736
2023-07-16,7,3037.7003993227195,1550.5382928808842,4573.019725214856,0.0,16364.910646733379
2023-07-17,7,2435.562351715846,1895.279260682388,0.0,0.0,15599.638047545252
2023-07-18,7,1836.9882339160795,1198.0372304161076,2849.1622884333046,0.0,15201.45349236066
2023-07-19,7,2600.6069610819723,1841.9635683387137,2926.052434391607,0.0,17384.498570383163
2023-07-20,7,1795.9623134892242,1895.1345202019595,0.0,0.0,16772.71536225761
2023-07-21,7,980.9377324110731,1464.5794419026763,3195.0249840281267,0.0,13312.033999817897
2023-07-22,7,1495.9568445412979,863.4435302974216,2241.71793111241,0.0,14099.4283718397
2023-07-23,7,1064.6040394870722,1317.6534038716702,1869.3846650624737,0.0,13467.182297772693
2023-07-24,7,1824.2432579793456,1889.0983639683327,3622.7112239002686,0.0,17388.010042548998
2023-07-25,7,2009.2091895947758,1493.1395813103354,3629.529584221811,0.0,15913.690091377088
2023-07-26,7,2838.218656137641,1200.2093303115266,0.0,0.0,15968.048625447293
2023-07-27,7,2163.463686882081,1348.5675236315349,3895.3554307625996,0.0,15301.173332754743
2023-07-28,7,1890.449735595568,1752.1860079513658,2368.422270834669,0.0,15772.115598304554
2023-07-29,7,2414.702790591745,1664.0200704604138,3253.165238037981,0.0,17472.39186065183
2023-07-30,7,894.4323454960575,1428.3203702490916,0.0,0.0,15474.464711868533
2023-07-31,7,2117.807279054283,1389.9526764555937,2966.387435296287,0.0,15006.105304721152
2023-08-01,8,2385.4325969434835,1382.4725552868535,3454.7409121411342,0.0,14996.021980950025
2023-08-02,8,1260.7068771100792,1223.2769446504492,2483.5703561124283,0.0,12637.942174227419
2023-08-03,8,2571.8770216034645,1984.6127068408325,0.0,0.0,16331.127382572065
2023-08-04,8,2169.2482037472073,1403.303859236598,2794.1405691196596,0.0,14953.665166874327
2023-08-05,8,1792.3560430495993,1865.147556247649,0.0,0.0,15981.2410585211
2023-08-06,8,2316.3909330531424,1956.3948155767355,2823.225836884218,0.0,16876.212292042517
2023-08-07,8,3135.3464289021977,1799.493269444388,1451.3817011362532,0.0,17344.859676426408
2023-08-08,8,2090.9331275292475,1370.5139061845855,2508.8462528578953,0.0,15290.06440513027
2023-08-09,8,2124.110293150168,1621.1190271009827,2715.124506630329,0.0,14254.558978577303
2023-08-10,8,1770.319550229878,1492.7413180827252,2743.82024750462,0.0,12755.4249342267
2023-08-11,8,1575.0778152676041,1228.8894417809615,0.0,0.0,13103.018234013683
2023-08-12,8,2415.167908272123,1597.307784516481,0.0,0.0,16095.822153339028
2023-08-13,8,1571.9580870455663,1146.2880626520591,3479.4415180860638,0.0,15725.472434419831
2023-08-14,8,2035.7831186096962,1856.3038165384692,3874.517074132523,0.0,15267.957237106328
2023-08-15,8,1761.1712766174417,1360.6148108104821,0.0,0.0,12827.634620694189
2023-08-16,8,2239.489912873196,1560.3478967618519,1796.7991446108556,0.0,14146.54162401239
2023-08-17,8,2166.8310526434743,1584.9863614638427,0.0,0.0,15820.687451770897
2023-08-18,8,2518.7699721289496,1422.3285078887768,2512.797078805073,0.0,14104.843682998293
2023-08-19,8,1744.9918005726265,1676.0081404425823,2648.078682183491,0.0,15510.214409579728
2023-08-20,8,1865.0625323533143,1357.5289030132426,0.0,0.0,14236.102478428065
2023-08-21,8,1510.6181421088463,1761.3891892371732,0.0,0.0,15139.63246163391
2023-08-22,8,1777.8533699619443,1096.2060959259754,0.0,0.0,14967.439908239547
2023-08-23,8,2188.650246522426,1537.9138738639235,0.0,0.0,14616.89183849169
2023-08-24,8,2378.494308322676,2081.6786997174854,0.0,15000.0,15685.16144588072
2023-08-25,8,1538.9173379111874,1199.9006026183276,2442.5769468916787,15000.0,15949.557992404722
2023-08-26,8,2434.8029600528303,1296.6765088425445,2587.002177856566,15000.0,14949.322696420903
2023-08-27,8,2677.8189294024755,1654.1723548976745,2073.3016911526893,15000.0,14785.423369212136
2023-08-28,8,2206.7174516118503,1553.8745345818793,0.0,15000.0,15789.76241863697
2023-08-29,8,2938.397906279033,1605.1890297820678,0.0,15000.0,15791.02950130407
2023-08-30,8,1613.1054004482135,1646.756139044299,0.0,15000.0,14481.510642154504
2023-08-31,8,1377.6726483442915,1690.416440568531,0.0,15000.0,13997.039733845793
2023-09-01,9,1110.6398755478608,1832.909952586867,2640.3703275475377,15000.0,14595.402675428111
2023-09-02,9,2748.0221557445916,1622.9455970785539,0.0,15000.0,14582.03780272234
2023-09-03,9,2327.182828177029,1427.6227036144373,0.0,15000.0,14326.566820188349
2023-09-04,9,1972.2076645447726,1701.7721103608194,5693.033663980496,15000.0,14660.389455234774
2023-09-05,9,2139.98431315991,2069.9645804685647,3349.8000245679077,15000.0,16731.764504413404
2023-09-06,9,1437.2554763508117,1460.209876085228,1995.9454031579899,15000.0,15130.402067329966
2023-09-07,9,3222.875989808413,1207.6412085988077,0.0,15000.0,15050.956487065516
2023-09-08,9,2064.6105909876137,1832.124200786092,1223.7536665335483,0.0,15311.385260543731
2023-09-09,9,2054.6973973024465,1463.8856508139206,0.0,0.0,14215.3778459181
2023-09-10,9,2362.883311949346,848.1991361957892,0.0,0.0,14452.110625527732
2023-09-11,9,2240.5046158683567,1754.2265031451266,3915.3902755601616,0.0,15054.235786066267
2023-09-12,9,2111.9420121395656,1339.4015442138232,2450.459725404465,0.0,15532.262355948698
2023-09-13,9,1604.762772277344,1472.8400153087518,0.0,0.0,12921.834755112113
2023-09-14,9,2235.734178567998,1599.5940991707043,0.0,0.0,14802.76271855342
2023-09-15,9,2941.012248237517,1557.14990393372,0.0,0.0,13675.947264288845
2023-09-16,9,2672.7100230774886,1712.835545141712,2678.7572338820883,0.0,14399.571778823549
2023-09-17,9,2796.5933133196986,1369.354088829047,4832.557043479202,0.0,14284.234554069944
2023-09-18,9,1744.3921617844073,1653.9317394528248,3814.1517621182666,0.0,14304.333903180892
2023-09-19,9,1505.1975898707096,1422.1359967248247,0.0,0.0,13320.228226397401
2023-09-20,9,1937.1065399501758,1721.6431442662508,3368.7331473175195,0.0,15809.522611437513
2023-09-21,9,2027.8624561443473,1684.610245203916,0.0,0.0,14439.451020782233
2023-09-22,9,2547.0957592354744,1219.3683893866214,1072.32742065439,0.0,13924.304818346538
2023-09-23,9,1153.7676851425904,1825.7946348525097,2721.1166058492436,0.0,13868.669971891384
2023-09-24,9,2764.7751597303068,1339.2109664657855,3845.1579711843215,0.0,15141.214720210302
2023-09-25,9,1920.9960507105052,1742.4173394843435,2951.1028165258945,0.0,15131.89146675747
2023-09-26,9,1786.55946502629,1610.1861940204021,1594.8101531964248,0.0,14029.579787473995
2023-09-27,9,1493.9478123699164,2051.455103038537,2947.5955494225304,0.0,13445.8822511417
2023-09-28,9,1172.5716640671153,1432.9602052884443,4704.105516255491,0.0,14101.015459861148
2023-09-29,9,2411.585291980957,1395.2049611645407,4246.891715534719,0.0,14902.943214291887
2023-09-30,9,2036.658983594202,1494.1741182336802,2937.995990633968,0.0,13431.792549848331
2023-10-01,10,1355.019550129473,1409.0460651497174,3951.4492770580864,0.0,13661.460627382567
2023-10-02,10,1352.4606139681919,1739.982570582615,2633.4929796319484,0.0,14925.64495470173
2023-10-03,10,1832.107650354936,1015.1068174690236,0.0,0.0,11369.366176998681
2023-10-04,10,2834.5107626446966,1183.8952742560937,2075.5340118704457,0.0,13052.419762293452
2023-10-05,10,1870.2043243181977,1179.6591235262422,4562.888768508197,0.0,14032.761469876343
2023-10-06,10,1248.428523440947,1785.0922775920726,0.0,0.0,15254.495269799796
2023-10-07,10,1877.1284679570279,2013.1840117745776,2756.616020624982,0.0,17180.090049762246
2023-10-08,10,1863.6382151261648,1468.6652344387585,0.0,0.0,15787.830904404449
2023-10-09,10,651.5566785292142,1449.353483042997,4904.136589573007,0.0,13577.392131636854
2023-10-10,10,1972.8525667410938,1521.0156489339545,4625.958915362064,0.0,13758.219561333284
2023-10-11,10,1884.532734895661,1848.5634907824572,0.0,0.0,15597.779261292668
2023-10-12,10,2348.103182406709,1221.7940597428278,0.0,0.0,13016.831960765712
2023-10-13,10,2924.4780474726726,1571.5106948204354,3295.6244887470953,0.0,13935.391904144086
2023-10-14,10,2563.2825147738786,1792.559288934729,0.0,0.0,14595.469994417776
2023-10-15,10,1865.5556547225847,1650.3282509819535,0.0,0.0,13746.136825930342
2023-10-16,10,1446.7370456291649,1556.874484979623,1832.220448732065,0.0,14211.010639265593
2023-10-17,10,3286.67990162493,1800.3138277701423,3216.775563762629,0.0,14665.959275772491
2023-10-18,10,2029.609217007244,689.0303121002288,1902.697472367156,0.0,12837.037304652828
2023-10-19,10,2006.964645956473,1703.3625958592722,2411.133173261304,0.0,16088.234488318118
2023-10-20,10,1987.9374564449984,1303.7772950617727,0.0,0.0,13750.355204937334
2023-10-21,10,2099.0423803839276,950.810130943063,2392.124739324182,0.0,14549.212840209468
2023-10-22,10,1927.8197940380287,1653.3607798574942,2460.877296851021,0.0,15564.960603852556
2023-10-23,10,1713.1689965598819,1912.0975635488874,2451.731205074923,15000.0,15816.899104414588
2023-10-24,10,1726.570529379804,1458.7654456116925,0.0,15000.0,13927.251867729145
2023-10-25,10,1983.6233648920008,1785.8623641608817,0.0,15000.0,15914.104257221217
2023-10-26,10,1728.2876144331176,1983.6834773965936,3220.5414270138667,15000.0,15304.29747697005
2023-10-27,10,1643.5771086614177,1894.474336075214,0.0,15000.0,15202.614584290064
2023-10-28,10,2053.2151138459485,1991.9893588114178,0.0,15000.0,15788.48927279623
2023-10-29,10,1872.5113912895724,1722.6382473215676,2282.081109252398,15000.0,15158.155553076038
2023-10-30,10,2751.9964942913443,1522.630091670478,2769.475374819749,15000.0,14604.00642568857
2023-10-31,10,674.515095803494,1019.4102564308495,4179.72520836071,15000.0,12091.205088259774
2023-11-01,11,3818.630138941846,2139.2718803415232,3194.107630953358,15000.0,22106.09999982196
2023-11-02,11,3934.5638943732215,1870.5390321077139,2468.7857053924017,15000.0,21790.397473912362
2023-11-03,11,1444.957325693888,3226.924222874016,3483.87665118804,15000.0,21064.89052878736
2023-11-04,11,2742.9843044397385,2170.8513844054487,0.0,15000.0,20381.72523012708
2023-11-05,11,2721.4193505031562,2305.4421630530187,3681.359510442948,15000.0,21674.4272454952
2023-11-06,11,1944.366228961634,2498.1684192182106,3408.6073077017677,15000.0,22067.42535717593
2023-11-07,11,2416.6374843068434,2269.621100867604,2692.191528861116,0.0,19726.507738263586
2023-11-08,11,2167.068115900628,3012.772968193839,2161.414201552769,0.0,22275.438701132156
2023-11-09,11,4314.202832567717,1969.8077872194965,2113.319077716543,0.0,21966.376797380126
2023-11-10,11,3701.758794860596,2337.573354856759,3534.81733634591,0.0,21664.042930329146
2023-11-11,11,3953.666321245619,1915.8882364358783,0.0,0.0,21344.252720419754
2023-11-12,11,3541.254048032426,1655.9898699506823,2362.692252971205,0.0,19942.111611487682
2023-11-13,11,2153.211171587078,1974.7039090926214,0.0,0.0,21010.081420418283
2023-11-14,11,2606.60980029017,2233.3334413282146,912.9729813979311,0.0,19822.224793605368
2023-11-15,11,3367.0309209209386,2056.813998967233,2415.3822693428006,0.0,19713.688717749952
2023-11-16,11,2083.4041433310413,1938.4105590567647,0.0,0.0,19980.899591335998
2023-11-17,11,3534.7488226292908,1617.157141347675,2090.3165830181665,0.0,18552.004976832413
2023-11-18,11,2819.7559513813985,2212.6024923170876,2063.493625210404,0.0,18877.270022257693
2023-11-19,11,2718.8843943378015,1572.8758316860492,2332.2204435311137,0.0,20953.304811388833
2023-11-20,11,3533.2199761526185,2592.025183660321,3292.192728326373,0.0,21201.14299277769
2023-11-21,11,3333.19748361453,2287.0978888205264,2812.670981593625,0.0,20538.065945566814
2023-11-22,11,2729.27537563569,1594.1018252407814,761.768766675028,0.0,19293.803323571006
2023-11-23,11,3869.497352523186,2110.8559153275614,0.0,0.0,20356.427070454873
2023-11-24,11,2189.202504300077,1911.5296174842374,0.0,0.0,20045.786823313883
2023-11-25,11,3461.951705208198,2393.6285296886313,3457.686586053552,0.0,20727.052612908847
2023-11-26,11,3444.8259434762876,2853.2027007104152,252.49515727476546,0.0,23230.42850638939
2023-11-27,11,2767.8401705145075,1406.172388659415,2500.2698238483695,0.0,20668.590469591534
2023-11-28,11,3244.599766681589,2301.761735616338,2473.752143482579,0.0,20441.2470105437
2023-11-29,11,2061.664817711023,2177.940241995012,0.0,0.0,20330.989805687695
2023-11-30,11,3693.020264405176,2552.1030344027095,0.0,0.0,21601.302867183796
2023-12-01,12,2861.3233976677584,2345.9384827069603,3382.9889847409286,0.0,21801.363955538935
2023-12-02,12,2607.9577346107203,1911.6138007175314,3141.257140087463,0.0,22203.455274843138
2023-12-03,12,3786.756919377667,2106.425728950022,0.0,0.0,22826.694839936554
2023-12-04,12,2471.7422320929304,1891.78836443843,3768.2072166317375,0.0,23648.801940332232
2023-12-05,12,1943.65402772733,2734.2032123693693,3215.3965054562877,0.0,20157.12332852076
2023-12-06,12,1832.5281198570722,2259.590241902374,0.0,0.0,20380.71666656738
2023-12-07,12,3454.5074635092296,3105.535808588853,0.0,0.0,25177.599985025146
2023-12-08,12,2039.6779856277876,2222.7026337834204,915.8870605014117,0.0,19681.56861022937
2023-12-09,12,4316.095636488273,1931.2169548902916,4724.696649761108,0.0,23922.415205010897
2023-12-10,12,1438.5529440872085,1568.828523324228,0.0,0.0,20273.02415851096
2023-12-11,12,4272.342276217529,1438.5871456848247,3287.3289044030093,0.0,21195.251307999006
2023-12-12,12,3158.263100401964,1537.1388256475295,2954.4877546987577,0.0,19804.607766883175
2023-12-13,12,2927.465166097206,2370.2069929551676,2575.7636666019566,0.0,22124.573928694404
2023-12-14,12,2591.3106848932875,2478.9262604534706,2430.1670717612415,0.0,24517.673529175583
2023-12-15,12,3299.3520857640533,1538.4641840855397,3329.5087355730093,0.0,21367.355585942747
2023-12-16,12,2971.7739731813635,2652.767241334252,1482.8263033283208,0.0,22753.975048866025
2023-12-17,12,3827.476411512391,2032.6225267424522,3750.5791675217656,0.0,23181.509208139512
2023-12-18,12,3085.6707364965296,2316.0568553934972,2583.805595114746,0.0,22822.28161497551
2023-12-19,12,3112.7263210964084,2975.499282714941,1869.9306609596422,0.0,24532.203588882534
2023-12-20,12,2727.290840839608,2653.577692139489,2549.9871420041864,0.0,22746.20477704544
2023-12-21,12,2957.2907822091993,2129.1612084423755,0.0,0.0,22346.189239715077
2023-12-22,12,3230.8513266690443,1848.9634985631208,2464.664912983777,15000.0,21752.015718582395
2023-12-23,12,1717.3737055075308,1281.6830694018126,0.0,15000.0,18728.095169605447
2023-12-24,12,1988.8609334207154,1926.381006340911,0.0,15000.0,22048.594141250214
2023-12-25,12,3557.4480705170363,2154.9913925275373,3757.9218499236194,15000.0,22041.818834113245
2023-12-26,12,3128.149078595957,1805.7692127819673,3685.5077387902043,15000.0,22769.020574331877
2023-12-27,12,2862.012497735491,2190.9343648084628,0.0,15000.0,24224.566331933966
2023-12-28,12,3013.825449799045,2284.5833473314456,0.0,15000.0,21959.97345200516
2023-12-29,12,3260.6862790212535,2148.8148081863646,3668.6548047579067,15000.0,24315.573252844908
2023-12-30,12,2595.180239767979,1957.498838629443,3098.0675395389444,15000.0,22923.62589903552
2023-12-31,12,2416.2714559482656,2325.8946023850276,0.0,15000.0,22555.335505937088
2024-01-01,1,2097.922627548841,1632.5821948708226,2281.1676123912694,15000.0,19245.077409878777
2024-01-02,1,1510.813611192484,1172.8802767671461,0.0,15000.0,15679.984672582224
2024-01-03,1,2204.126377857236,1923.279713923881,2805.3027038833184,15000.0,16935.802756068108
2024-01-04,1,1148.7081978810797,1470.4235603147215,2935.8118228915023,15000.0,15678.04135276959
2024-01-05,1,2514.5778186628218,1505.6548868834543,0.0,15000.0,17683.084695608588
2024-01-06,1,2236.2987412065213,1712.4643269769672,3252.2403964266773,0.0,16725.66833497494
2024-01-07,1,2128.0148671569377,1569.9648393790505,2883.770956878042,0.0,17823.90410781282
2024-01-08,1,2491.345491972757,1785.9409901739737,3214.7131831705265,0.0,17646.011835984933
2024-01-09,1,2832.7372222312883,1586.1372495605472,4578.118057562185,0.0,18756.619230621724
2024-01-10,1,2507.1850325090654,1316.2687876078687,3985.449685615218,0.0,15971.335588876815
2024-01-11,1,1079.5628843341774,1608.4510575618306,3869.1545924968964,0.0,15906.915462794273
2024-01-12,1,1360.2115166321491,1156.8821378038015,0.0,0.0,15272.960914887373
2024-01-13,1,1687.5907111521606,1532.5679117329569,2110.759171771676,0.0,16148.906575330288
2024-01-14,1,2013.0455251054168,1490.0310028066617,3955.3005582377527,0.0,16355.849740855778
2024-01-15,1,2258.8295102345614,1437.564942818238,3876.0467925297944,0.0,19519.16714672889
2024-01-16,1,1637.1280934232673,1461.4387465683208,4472.670675750982,0.0,18854.891926757227
2024-01-17,1,2093.383382238539,935.4452863507082,0.0,0.0,15883.930110452635
2024-01-18,1,1622.3085338233386,1335.3825276777116,0.0,0.0,16298.657708543271
2024-01-19,1,1694.241098504026,1527.8534703423345,1360.5158374745658,0.0,16095.873004846238
2024-01-20,1,1296.6694515758888,1547.95691759922,0.0,0.0,15017.254936155503
2024-01-21,1,1538.3833769445478,1191.6974577222127,3996.5705105794473,0.0,15638.713849214217
2024-01-22,1,1324.1576971918332,1879.7123522594102,0.0,0.0,17576.70563551255
2024-01-23,1,1512.0633735113336,1240.1475455356497,3640.479795200824,0.0,17345.977646170606
2024-01-24,1,2526.82089830392,1790.837160158021,2809.4968940021886,0.0,18609.916444717088
2024-01-25,1,1525.3005555840284,1628.1583085615055,3324.057028221561,0.0,15659.939100443502
2024-01-26,1,3316.1910324186956,1306.1318070468592,0.0,0.0,16745.61867562432
2024-01-27,1,2246.6589504404446,2032.5932677828537,3085.209449633901,0.0,16801.357246564177
2024-01-28,1,2092.418061847437,1141.908950473056,8.86402909927665,0.0,17485.759273162104
2024-01-29,1,1570.8211099093933,1775.7462520830004,2813.1038418380153,0.0,16863.109096921537
2024-01-30,1,2350.1549397044955,1800.1746954128935,1369.5267562848599,0.0,17644.246489291218
2024-01-31,1,1712.181086881113,1298.8139372770065,4205.994516546816,0.0,17261.97647776689
2024-02-01,2,2061.0049073226805,1917.7395900192987,3777.4073527645114,0.0,20880.594936577225
2024-02-02,2,3280.0422691343974,1424.9860456203141,3466.670981966081,0.0,18204.058309002605
2024-02-03,2,1951.9700501376751,1586.608088783957,4521.00622715938,0.0,17622.365692626692
2024-02-04,2,2574.6366631428377,1578.0965516313663,2051.0834791751627,0.0,16669.193027046647
2024-02-05,2,1648.4117874370563,1459.7073775588356,4747.363197915558,0.0,18912.84350874108
2024-02-06,2,1982.5057547515191,1743.2424819479347,3932.191564260385,0.0,17885.327494092267
2024-02-07,2,2885.400317817755,1738.0466161656639,0.0,0.0,19899.17912991812
2024-02-08,2,1686.5164711061163,975.4404080285458,4135.6201471829445,0.0,17610.87359873364
2024-02-09,2,2906.2242789984643,1891.3020728634458,0.0,0.0,17878.856359719233
2024-02-10,2,2353.8759677277376,1001.2524035892977,0.0,0.0,15070.339380272362
2024-02-11,2,1718.766612052866,1809.7638613024972,0.0,0.0,17705.309467850184
2024-02-12,2,2316.2038695277606,1838.011541048275,2471.022291935985,0.0,17448.66752800259
2024-02-13,2,2486.277224813365,1172.7100709354404,1943.4423572397473,0.0,17050.739777830557
2024-02-14,2,2310.9049811085983,1376.7557136136245,4223.0830670953255,0.0,18575.5581754348
2024-02-15,2,1214.8876400547717,1168.2885994542194,2741.1455996301684,0.0,14966.380831620821
2024-02-16,2,1636.4314120875656,1435.5236909133794,3352.5049683568795,0.0,17502.67432569475
2024-02-17,2,1876.2406822242476,1407.5897147442777,0.0,0.0,17867.04808604193
2024-02-18,2,1962.7832854499768,1733.8981596808019,1179.3966994514828,0.0,18592.226904043462
2024-02-19,2,2310.336048775339,1893.0926238358825,0.0,0.0,16826.11128153629
2024-02-20,2,2088.8505004666267,1918.7051432369867,1087.7450245802231,15000.0,18999.771249101068
2024-02-21,2,1332.3278206449495,1331.3495920265093,0.0,15000.0,18273.74148562844
2024-02-22,2,2190.0989255029817,1437.2334378766416,1631.6849611671896,15000.0,18048.272333565947
2024-02-23,2,2305.2928726419113,994.9685423337149,4987.275999230808,15000.0,17349.558867603657
2024-02-24,2,2279.89522396552,1258.2389800511435,3911.362722174722,15000.0,19245.494625017545
2024-02-25,2,2540.3903627773107,1789.4554899292373,3105.7537912714806,15000.0,18663.70358825648
2024-02-26,2,2416.961077274452,1984.6748470644695,4263.706677654669,15000.0,18420.72541997875
2024-02-27,2,2229.5900396142183,1129.6953384360233,0.0,15000.0,17751.47503213017
2024-02-28,2,1964.9171442706765,1322.2607222541317,3543.479378670093,15000.0,18706.42418707122
2024-02-29,2,1169.5195332420044,1492.0782729123218,3199.8104337187133,15000.0,19183.832875170283
2024-03-01,3,2214.809109566293,1584.0483476458821,0.0,15000.0,19025.08993915908
2024-03-02,3,2103.8438435815556,1257.1189440235062,4272.353500106768,15000.0,19036.99296247178
2024-03-03,3,2135.7894185976866,1627.2183133392268,3732.4921027798023,15000.0,20048.43241180623
2024-03-04,3,1361.6257120898454,1357.8481958787252,0.0,15000.0,17551.383189298685
2024-03-05,3,1459.4717297958687,1495.6643187365162,1345.112563771704,15000.0,17861.013997385817
2024-03-06,3,2526.576426666452,1663.8852744011099,2039.9537047205363,0.0,20088.00235552194
2024-03-07,3,1980.2224230716724,1501.9266809432813,2877.2910664042756,0.0,17217.920846621455
2024-03-08,3,2340.7503486863125,1369.0842328420295,0.0,0.0,18410.018436377308
2024-03-09,3,2014.1591880652306,1467.1170588222508,0.0,0.0,17098.039015029826
2024-03-10,3,2014.8780697478726,1473.4911122383994,5411.676675578421,0.0,19362.35701510457
2024-03-11,3,2469.141902987999,1388.9966910353617,4516.394055253573,0.0,18426.08930690235
2024-03-12,3,1741.9776358913132,1422.3611811998694,3602.1183203924834,0.0,18207.57519424052
2024-03-13,3,2048.0603884704915,1979.5941511514152,3072.0368612837447,0.0,21020.462502338756
2024-03-14,3,1768.8623556474788,1668.2758343823716,2787.7910300988483,0.0,17551.092495391527
2024-03-15,3,1782.7518862838422,1411.3559045912518,2048.0815399777644,0.0,18163.473294392654
2024-03-16,3,1845.4139382656804,1709.0863213532207,0.0,0.0,18044.660841424127
2024-03-17,3,2111.0668858168565,1399.854153073197,3257.7525401427506,0.0,18511.553006831782
2024-03-18,3,1760.6256891682613,1851.9373912759925,1758.2394245183757,0.0,20546.62319437755
2024-03-19,3,2627.8780627867604,1610.892657659428,3334.1764172448975,0.0,18134.20910835473
2024-03-20,3,1552.696348890248,1467.8093567987314,2844.740951175251,0.0,16845.055423335383
2024-03-21,3,1906.5641779193204,1634.3150777430833,1092.192442122609,0.0,17426.43409563212
2024-03-22,3,1780.1344708629126,1028.7371543794502,2139.614989220498,0.0,16803.414467484687
2024-03-23,3,2723.4889421768667,1161.9697593270585,0.0,0.0,17473.57347071785
2024-03-24,3,2098.277388255787,1141.8224980802834,0.0,0.0,17179.6619697989
2024-03-25,3,2515.9222697343175,1542.882928429112,3556.553124533758,0.0,20131.91885812016
2024-03-26,3,1257.219813481514,2019.7544998455276,1664.5184309001086,0.0,20357.696715466136
2024-03-27,3,2133.5251329346293,2169.39004385779,3486.036289417637,0.0,20849.41345208176
2024-03-28,3,2444.8153978117184,1691.4153304322272,1452.6960110616344,0.0,21321.944810497334
2024-03-29,3,2041.141994637712,1650.253342483337,4082.6910538870734,0.0,19530.178961559952
2024-03-30,3,2532.7401875326755,959.6826797541784,0.0,0.0,18356.402426015768
2024-03-31,3,1741.3557749498138,1337.1978600797934,2906.363811260829,0.0,18466.32155205327
2024-04-01,4,2704.67372009279,1263.6648744275283,4325.79664754219,0.0,18781.871251641554
2024-04-02,4,3149.449061809625,1313.745720524665,1712.83643141575,0.0,18815.150418192312
2024-04-03,4,1818.5807197801705,1449.5568544245632,1602.8818148870087,0.0,17684.978265305486
2024-04-04,4,1777.248739299614,1358.3728266908618,2416.400673653995,0.0,16522.69866666032
2024-04-05,4,2726.6922385588505,906.2100568872637,4038.3788510193167,0.0,17284.136212827525
2024-04-06,4,2789.7860728653563,1724.3730768352602,1480.6539245231577,0.0,19516.212940105732
2024-04-07,4,1738.569986423366,1178.1770922780581,167.84440188943108,0.0,17423.334996602425
2024-04-08,4,1789.9065914520713,1571.7740592333448,2548.8411415910014,0.0,16958.95356864763
2024-04-09,4,1859.1076955697463,2122.224800924992,3551.7407999109205,0.0,19132.69187477301
2024-04-10,4,1327.7747444828615,1224.184622524073,4200.261749738829,0.0,17333.40797432783
2024-04-11,4,1540.674026757901,740.9137431761011,2536.838637914601,0.0,16304.574596202814
2024-04-12,4,1497.929616623966,1414.1987334359667,2588.5733928839977,0.0,18049.996850387543
2024-04-13,4,1616.1012174479358,1830.2878904995714,0.0,0.0,18970.64200719865
2024-04-14,4,1982.6575563066094,2087.504236266178,1130.2583003045795,0.0,18479.68720183428
2024-04-15,4,2117.10736626826,1131.135121664275,2611.4792248169906,0.0,18409.150810014096
2024-04-16,4,2775.2502464070385,1649.0097669709564,3190.4238899250577,0.0,19859.87374135536
2024-04-17,4,1500.8229796306046,1360.406862965984,3449.218721285034,0.0,18146.464565870552
2024-04-18,4,2492.161199238292,1468.2154937087594,0.0,0.0,18699.02555721304
2024-04-19,4,1893.0055778872456,2293.3030041051106,0.0,0.0,20218.283351300834
2024-04-20,4,1975.2681451737835,1049.108901481454,0.0,15000.0,16044.535139467544
2024-04-21,4,2337.409746083302,1576.1218984483721,2341.751587666152,15000.0,19500.550583402994
2024-04-22,4,1438.6389892188508,1640.30795152963,3453.5087125544674,15000.0,17753.58633442987
2024-04-23,4,2191.204873092025,1825.7358974818042,0.0,15000.0,18289.712339806247
2024-04-24,4,2083.226104106528,1529.3949460412687,3058.9842215895974,15000.0,18873.219629274423
2024-04-25,4,2246.2256320040747,1592.4151618512308,3446.872500802698,15000.0,16833.637014448
2024-04-26,4,2144.5843219539092,1382.5054297734628,2657.450799142235,15000.0,18735.179172766293
2024-04-27,4,3227.650069955447,1580.7380823735323,3170.463770996571,15000.0,20434.265737421825
2024-04-28,4,1681.130007874342,1397.0423173507768,2037.2674347153877,15000.0,16825.645928043647
2024-04-29,4,1734.5015224990912,1686.4715669568152,0.0,15000.0,19672.96318231753
2024-04-30,4,1688.429736787618,1389.11689918691,3610.216169589223,15000.0,17490.575213706466
2024-05-01,5,1722.2614404198725,1613.130118170656,0.0,15000.0,18521.04781995384
2024-05-02,5,1681.306436346741,1491.2211558945064,2413.4687304360646,15000.0,17632.269263164017
2024-05-03,5,2594.508265553776,1837.8150752316506,3224.216404290793,15000.0,19972.73669501555
2024-05-04,5,2710.2521239949274,1484.581882923454,3714.609790636618,15000.0,20095.72250519659
2024-05-05,5,1714.6268531252617,968.0902595379356,950.058721422522,0.0,17884.981404669055
2024-05-06,5,1583.8222134478856,1878.5764502141974,4159.0740649558975,0.0,18789.851761004993
2024-05-07,5,2235.707778193202,1228.2803097412143,0.0,0.0,17102.535489816175
2024-05-08,5,1723.8884778595143,1303.870098405354,3425.48993324023,0.0,17453.591136108305
2024-05-09,5,2316.4659088777553,1321.3016117869524,4197.246923645228,0.0,18543.823606220012
2024-05-10,5,2101.46151042565,1912.3314279512451,1628.326302769534,0.0,19495.60868475986
2024-05-11,5,1242.127942501384,859.2977358063913,0.0,0.0,16653.61653983005
2024-05-12,5,2773.752600665031,2441.324560097998,2711.4513041242953,0.0,18396.76921770915
2024-05-13,5,2897.9388365477607,1816.8170427198156,2216.2464788755715,0.0,18970.25798854699
2024-05-14,5,1693.6056547578069,1566.971674238748,0.0,0.0,17027.441581417337
2024-05-15,5,1806.1492200320079,1483.531799815114,2143.227906173207,0.0,18067.103627101267
2024-05-16,5,2142.9326953624523,1585.6662224572972,2444.4532205131336,0.0,17001.176390160006
2024-05-17,5,2167.2283949935127,1656.3367285138015,3204.389031602977,0.0,18514.199958300844
2024-05-18,5,2329.2721363364153,1693.564675785017,1797.850473923911,0.0,17866.182891598877
2024-05-19,5,3005.1022693831746,1666.6813398010345,2604.319288243736,0.0,16578.73693531169
2024-05-20,5,1911.5263862529753,1526.8742043765747,0.0,0.0,18432.39460672461
2024-05-21,5,1600.851377730773,1440.7984739078022,0.0,0.0,16800.972808633604
2024-05-22,5,1310.3403859927364,1454.6180149039465,0.0,0.0,17725.91446016565
2024-05-23,5,1634.5349800290405,1441.5275158941956,2470.667887551629,0.0,15079.989679641636
2024-05-24,5,1983.4365135631015,1840.1310290601193,1485.529690819233,0.0,17419.59955686631
2024-05-25,5,2897.278931758894,1678.0670166842585,3321.5932113392387,0.0,17931.83742724084
2024-05-26,5,1741.1943504819142,617.8834096007159,0.0,0.0,15617.15734236481
2024-05-27,5,2111.893975819449,1696.7702329589283,3018.401630783438,0.0,16182.53069027861
2024-05-28,5,1991.788551963624,1558.4208584156324,3225.2641172475496,0.0,18022.13581188348
2024-05-29,5,2594.196636724042,1494.3873730662308,3692.7227551168594,0.0,19615.79485670823
2024-05-30,5,3263.4662129368107,1383.4444640733343,0.0,0.0,18023.77952250267
2024-05-31,5,1734.5656135398397,1837.233815995804,4702.514658129606,0.0,18153.36065588439
2024-06-01,6,1755.280278740889,1784.2579386368575,3202.328796422802,0.0,16481.374363246538
2024-06-02,6,2522.080438534536,1268.1366996529173,4631.856899089109,0.0,16505.139116448623
2024-06-03,6,2340.9457448131557,1622.1156861373606,2266.9670044760105,0.0,17671.00342092881
2024-06-04,6,2923.3536628680167,1208.5029796376143,0.0,0.0,16395.68403355719
2024-06-05,6,2291.964092662982,1086.1145505633208,0.0,0.0,17182.812078021423
2024-06-06,6,1820.3539546064703,1311.9848326230103,3553.0400858523585,0.0,17047.326841477192
2024-06-07,6,2295.327415346155,1758.7180417148277,0.0,0.0,20006.255116645294
2024-06-08,6,2554.3517902914537,1785.937513612826,0.0,0.0,16452.974424370183
2024-06-09,6,2410.241090598682,1653.925626029188,0.0,0.0,17068.142400135606
2024-06-10,6,2253.637015553649,1717.5287360543991,3140.359869848047,0.0,15978.128488033666
2024-06-11,6,2533.337344794577,1654.8534861344874,0.0,0.0,14926.349575413946
2024-06-12,6,2584.6477952228365,1307.5555214331143,0.0,0.0,17082.573804988522
2024-06-13,6,2691.0794955187635,1629.5767634021822,2814.154247807253,0.0,17733.321672381993
2024-06-14,6,2324.3549437948213,1740.1228575683047,3309.9989831655553,0.0,16658.123368358218
2024-06-15,6,1916.4409598415727,1726.2873989440723,2943.4115111001042,0.0,17402.506612801615
2024-06-16,6,2073.356843216661,1856.6740114423928,4218.970789793663,0.0,17055.170741537582
2024-06-17,6,2603.2544832541785,1712.4911541603192,1048.8981359613751,0.0,16965.30672601301
2024-06-18,6,1591.5321645063818,1605.4344622624749,3143.58793650516,0.0,16538.502303013665
2024-06-19,6,2184.3366544364508,1821.0450714949282,1182.0207746128453,15000.0,16656.645990129815
2024-06-20,6,1803.3305938363196,1492.043622225282,0.0,15000.0,15966.611539079113
2024-06-21,6,2014.3724114674087,1235.4376046316847,2905.541285557997,15000.0,15709.379620250213
2024-06-22,6,2639.2259313036493,1451.0799108168708,0.0,15000.0,17310.95906378464
2024-06-23,6,2095.5495340099515,1276.5292065580652,0.0,15000.0,13494.036609166744
2024-06-24,6,2023.2182740780745,1297.4465175076855,4279.464931657751,15000.0,16360.74580714833
2024-06-25,6,1320.0719295100403,1456.6443987853447,4041.7246640588514,15000.0,15596.879308687065
2024-06-26,6,2373.1267830136103,1262.2740237000116,3583.5443030118877,15000.0,15730.881172230856
2024-06-27,6,2322.7420905705376,1407.6115411082878,2870.482753136559,15000.0,16549.564753080995
2024-06-28,6,3081.62736165273,931.9155999138643,3579.857285295132,15000.0,16535.362856353262
2024-06-29,6,1846.1108825234996,1563.9881122118816,2293.107432012651,15000.0,16918.85660203138
2024-06-30,6,2109.5751638319693,1500.3616426086674,3855.555659020712,15000.0,16097.581016674674
2024-07-01,7,2124.691841855378,1254.8734106795428,0.0,15000.0,17066.43039119867
2024-07-02,7,2788.7266398817374,1697.7737005297215,4070.6105599791863,15000.0,16742.93709441807
2024-07-03,7,1952.352233806524,1781.2710412879676,0.0,15000.0,16543.98917986855
2024-07-04,7,2139.5107628851697,1017.7320406893077,3361.417317273103,0.0,16099.637258504381
2024-07-05,7,2303.9482548582696,1271.1825664301357,1706.8584562413523,0.0,16373.726482691889
2024-07-06,7,2093.304561578179,1269.2572950638105,3572.390311175676,0.0,15421.388490483798
2024-07-07,7,1776.783192724736,1218.0290696673405,0.0,0.0,12456.165363970544
2024-07-08,7,2097.0449964491536,1748.8424525795244,0.0,0.0,15367.193887134319
2024-07-09,7,2536.815874929886,1441.852158368159,0.0,0.0,15957.043503522373
2024-07-10,7,1486.7423502944698,1420.6455476068168,0.0,0.0,15796.028350693106
2024-07-11,7,2066.484837073438,898.8412906779739,2699.140252859174,0.0,14385.104261953675
2024-07-12,7,1649.9395925304134,1690.6254090627679,0.0,0.0,15075.33050090228
2024-07-13,7,2597.5233144624212,1128.222481543958,0.0,0.0,17140.842009064458
2024-07-14,7,1238.4065476081128,1517.9797890798984,3251.473608940512,0.0,14904.818531177427
2024-07-15,7,1720.5390763642058,1583.2130813874576,2805.7308680214805,0.0,16241.083077730827
2024-07-16,7,2188.60593753226,1908.1975787515953,2244.208499841637,0.0,15167.326209200632
2024-07-17,7,2782.7620146171703,1107.3538802642663,4048.7071264165634,0.0,14412.442218291151
2024-07-18,7,1967.124869463506,594.1463532537524,0.0,0.0,14341.224926404002
2024-07-19,7,1722.4002366534007,1555.1548634261085,2516.438516153463,0.0,16398.079630308952
2024-07-20,7,2940.578534720295,2040.153354453256,2387.833082845179,0.0,16589.8756196301
2024-07-21,7,1275.993049791878,1871.6839058818312,3491.2076654119965,0.0,14360.26639531735
2024-07-22,7,900.5970216899591,1562.8978245823878,2641.9706202530137,0.0,14976.9246226727
2024-07-23,7,2220.007225026666,1352.5091443103859,2860.6027993367657,0.0,15407.00241867638
2024-07-24,7,1748.9728878236945,1742.136778991193,3739.6531517246713,0.0,16008.77479059493
2024-07-25,7,1489.3835914346434,1207.9361400886594,0.0,0.0,13892.426018728664
2024-07-26,7,2354.1782236496765,1642.9073308068657,0.0,0.0,15203.290751505287
2024-07-27,7,2121.9003568855996,1651.641047749988,0.0,0.0,14520.802968240108
2024-07-28,7,1717.9606846316358,1818.062972249664,0.0,0.0,14156.41087149051
2024-07-29,7,1359.8478006645528,2327.8980116733233,2910.765845778551,0.0,17070.241735227282
2024-07-30,7,2436.2286641400724,1617.72479015363,0.0,0.0,15431.43316090553
2024-07-31,7,2325.1005889793305,1347.3109122877504,1268.7986965550747,0.0,14632.570879387105
2024-08-01,8,1950.4120681103086,1492.3277063424016,4494.938227453236,0.0,14677.217131042637
2024-08-02,8,2923.318498023833,969.2772285332645,0.0,0.0,14127.888851950041
2024-08-03,8,1464.9576168369238,1291.5860606732826,3443.0021304473753,0.0,14614.471117975225
2024-08-04,8,1237.2374145376307,1377.2152685660687,0.0,0.0,15843.048740453381
2024-08-05,8,1654.0459650593777,1342.7734806196222,1978.8375424396997,0.0,14888.831947957133
2024-08-06,8,1977.206991822251,1545.7064616101165,0.0,0.0,13947.76183643756
2024-08-07,8,2121.6697246613458,1253.2740202853397,2732.3589091012063,0.0,13727.485241505283
2024-08-08,8,1879.381971071835,1836.3092001973414,0.0,0.0,14355.591453235193
2024-08-09,8,2176.0276982571486,1500.0621194754592,0.0,0.0,14385.923697248667
2024-08-10,8,1374.230287904778,1497.2099036584157,2900.905699758731,0.0,13606.707826418651
2024-08-11,8,2721.88230203663,1401.6315850461247,0.0,0.0,15051.368674725856
2024-08-12,8,1958.9244108037155,1546.5572051576937,3432.2629506341555,0.0,12249.553194082133
2024-08-13,8,2558.647915794064,1747.5294794002905,0.0,0.0,15833.696055308741
2024-08-14,8,2171.362673188852,1239.86093528673,2292.374105177974,0.0,14611.876173329416
2024-08-15,8,2228.376609576892,1302.565053277423,2287.8261358239565,0.0,15664.82393678259
2024-08-16,8,2284.883640116102,1408.8821913670006,2889.3346314426703,0.0,15590.836901694998
2024-08-17,8,2223.8542800086575,1096.2387229580354,2103.3577726847916,0.0,13367.875628299173
2024-08-18,8,2321.361379933772,1254.2226420835507,3841.983695452127,15000.0,15550.347013076273
2024-08-19,8,2664.5762650662155,1357.1337379366023,2630.792799552554,15000.0,15092.464080229602
2024-08-20,8,2098.260584850735,1762.3167542138183,0.0,15000.0,13698.291880818768
2024-08-21,8,2354.5018787942563,1578.7683987005776,2625.177943378194,15000.0,15696.131159617154
2024-08-22,8,1955.1321528563867,1558.0769734102632,0.0,15000.0,14459.858305680908
2024-08-23,8,2720.0586077247362,1755.2693886503916,1368.7241845390545,15000.0,15786.017029319017
2024-08-24,8,1661.8038489703652,1458.788463480181,1762.5733617774274,15000.0,16533.747225226354
2024-08-25,8,2900.470216455408,1617.139454978667,3109.40847183297,15000.0,15987.956526637778
2024-08-26,8,1979.9210246778282,1469.0334741202512,4328.640828248232,15000.0,14378.27272547132
2024-08-27,8,1284.6124489409758,1579.6087048198885,3313.18447386498,15000.0,16120.973905481012
2024-08-28,8,2064.0522074553946,1325.1724027165253,2393.4966117842605,15000.0,15218.577854055866
2024-08-29,8,1659.4741712625596,768.3548525170713,3455.9041951707027,15000.0,12463.313890272693
2024-08-30,8,2420.321774494362,1459.7162513441087,0.0,15000.0,13294.359502641517
2024-08-31,8,1673.6880103488045,1926.824440829982,2305.3996308368555,15000.0,14713.479713549317
2024-09-01,9,1776.9082833926102,1777.8646206724777,0.0,15000.0,16080.062770234912
2024-09-02,9,1055.2296345272343,1789.6192453773513,1248.1711932482808,0.0,14427.349495941195
2024-09-03,9,1773.8468403754616,1870.8392165418654,2610.0762934405548,0.0,15260.35332293593
2024-09-04,9,788.0603366855216,1526.5972772884313,3158.053489920132,0.0,12789.305491824782
2024-09-05,9,1208.0485882571384,1559.1947122216786,0.0,0.0,14762.582127722844
2024-09-06,9,2380.207328072149,1314.704431369695,2584.0330720526413,0.0,12094.168870719663
2024-09-07,9,2392.9000793254163,1405.178143191885,2054.253939303219,0.0,13729.012280197641
2024-09-08,9,2212.7287808924825,1684.7313449313424,3608.2461916849684,0.0,15440.555900463969
2024-09-09,9,1516.5119284353934,1861.1653311506448,1682.868080053415,0.0,13812.907315645574
2024-09-10,9,1976.1443219290102,1458.1661172957001,3776.0279138434753,0.0,15042.562969731032
2024-09-11,9,1998.1987304547158,1364.9432205445764,1997.782981073275,0.0,13240.291511066349
2024-09-12,9,1420.8176554037286,1500.1583876569791,2247.564762646965,0.0,12796.188272419808
2024-09-13,9,2751.6991508835754,1680.3620246787345,0.0,0.0,15986.973929721327
2024-09-14,9,2438.6811452878355,1066.8435551599375,2498.5978531143633,0.0,13796.270965370888
2024-09-15,9,1889.517913085168,811.1457140588286,3975.312458477979,0.0,13448.742464383866
2024-09-16,9,2013.4429194972654,1334.838945152525,0.0,0.0,14641.638487970715
2024-09-17,9,2104.1914039737762,1133.7862722257523,3978.422112028035,0.0,10960.191983182945
2024-09-18,9,979.1325657878547,1347.5579407058067,0.0,0.0,13781.714300835432
2024-09-19,9,1876.4113087397016,1455.6659043547586,1896.3301714696308,0.0,12958.630799604647
2024-09-20,9,1659.0078760011006,1364.025477293096,0.0,0.0,12711.44210186388
2024-09-21,9,1499.1899950525421,1935.7402603412236,2219.8008708825373,0.0,14911.229743340924
2024-09-22,9,1859.4498535570226,1598.023429380696,4330.57490403904,0.0,14003.08404461416
2024-09-23,9,2898.843263424761,1590.1423078832486,1803.2113535736885,0.0,15353.09535072661
2024-09-24,9,2320.4214306335048,1686.6621432130205,3893.697689389111,0.0,14926.985936401594
2024-09-25,9,1714.4105051086017,1158.3500646657692,0.0,0.0,13506.280840865362
2024-09-26,9,2286.291390678079,1811.7335362260806,4829.620201716087,0.0,14491.220142667979
2024-09-27,9,2699.677718293001,1477.270714039362,2590.313407370503,0.0,13595.300250969382
2024-09-28,9,2462.3168414563843,1701.1441851723637,0.0,0.0,13985.872446073854
2024-09-29,9,2029.815184960087,1178.4428300879533,5281.651836538843,0.0,13761.714031020723
2024-09-30,9,1676.531611147213,1033.8723701951808,2382.3583230663035,0.0,15002.990573660301
2024-10-01,10,2349.111656806795,1745.3668974075085,1464.9597524676403,0.0,16129.802228384264
2024-10-02,10,2196.742692710875,1612.922857829255,1119.9899660922363,0.0,13768.906911530727
2024-10-03,10,2447.596610013866,1229.3845336927468,3712.7120288613314,0.0,14025.173009771994
2024-10-04,10,2317.585900840985,1239.1010756175917,1116.8497919414162,0.0,13453.768071503264
2024-10-05,10,2524.7763576596676,1837.630435324431,0.0,0.0,14909.81073449874
2024-10-06,10,1732.382394219716,1143.1764321398016,3437.3131870389607,0.0,13688.090060507373
2024-10-07,10,2658.697032817163,1992.801885976789,3185.175536829914,0.0,15931.630264107102
2024-10-08,10,2098.7998023461996,1229.8137796056394,3425.4448641841723,0.0,11097.250966763817
2024-10-09,10,3037.630436312633,1691.517577682515,3222.289855800854,0.0,15558.070778968295
2024-10-10,10,1655.406090955216,1401.4144572753046,4278.865813313393,0.0,13882.935295803338
2024-10-11,10,2867.9819015826247,1680.956229324703,2047.6836192612031,0.0,14364.790040593376
2024-10-12,10,2098.9553917313237,1336.7657993657422,2323.004861541469,0.0,14954.739474470574
2024-10-13,10,1674.2909981927758,1451.1621281783118,0.0,0.0,15249.650015800864
2024-10-14,10,1758.0570829728392,1512.2757526187163,3830.19181186261,0.0,14790.693220852261
2024-10-15,10,1839.8263459028399,1199.3437632655582,3900.3985883950636,0.0,13143.39665661016
2024-10-16,10,2212.0829732009583,1722.2473036260378,0.0,0.0,13458.737486627086
2024-10-17,10,2261.41774401775,1346.0359300585244,0.0,15000.0,11089.46123236774
2024-10-18,10,1713.1499980307105,1431.4200253979943,1821.9591326236193,15000.0,14347.559519430797
2024-10-19,10,1987.8227038695086,1201.6951876174462,4667.224111551137,15000.0,14771.60289462855
2024-10-20,10,3071.135179305932,731.2999023614068,4523.2386217122585,15000.0,13838.980677591197
2024-10-21,10,2863.7715850503555,1442.6916712199493,3735.6219972457466,15000.0,16336.805405685895
2024-10-22,10,2218.161834837016,2223.7846264838745,4781.79890877106,15000.0,15561.882486476454
2024-10-23,10,2019.0017390841,1735.3812863694072,1343.3767923222263,15000.0,15559.669874917528
2024-10-24,10,2060.0156633591305,1494.2218860796816,2475.551863737348,15000.0,14880.031014808856
2024-10-25,10,2306.7589863652083,1421.1327512375196,2264.6965393180476,15000.0,14904.745231792345
2024-10-26,10,1488.6037174007972,1506.739767843614,3721.479323757343,15000.0,16084.61684603872
2024-10-27,10,1871.3117312883273,1664.135734552563,1949.8592603978543,15000.0,15130.914860960995
2024-10-28,10,1165.7079630612052,1145.7561554073466,0.0,15000.0,13378.081456636679
2024-10-29,10,2199.6115613026395,1834.2965084006617,4370.536143996714,15000.0,14703.936412456436
2024-10-30,10,2323.5979698513706,1714.6143946323732,0.0,15000.0,16796.97868226267
2024-10-31,10,1758.406768850313,1715.4557177123804,3283.751023661501,15000.0,13994.185366872109
2024-11-01,11,4180.490072467524,2447.3140824643774,2012.126659099251,0.0,21317.056191964642
2024-11-02,11,2080.675752748244,2258.8274959622954,0.0,0.0,22408.30876591854
2024-11-03,11,1901.7188398426347,2552.7875561850688,0.0,0.0,21207.709856961876
2024-11-04,11,3168.338863919979,2516.31636018362,0.0,0.0,21066.15891863437
2024-11-05,11,3785.3237269591164,2090.681680076539,0.0,0.0,20631.823421895187
2024-11-06,11,4262.945768593401,1991.8792021963945,2582.0904542341095,0.0,20031.71314634096
2024-11-07,11,2655.836802848295,2295.835332867894,974.1921268886231,0.0,20821.28776822519
2024-11-08,11,3809.0106250734716,2947.0590681728345,1929.1475813155612,0.0,22220.85803732824
2024-11-09,11,2971.1186478744694,1692.4018159557445,0.0,0.0,20102.862415789325
2024-11-10,11,2870.529525044385,1589.613630411402,1719.5444289975333,0.0,17981.5483514769
2024-11-11,11,3662.7449531150046,2324.1423785564325,3189.479821221081,0.0,21786.902566012464
2024-11-12,11,3489.242158810065,2272.899465835208,4007.4439731951984,0.0,22672.65371864431
2024-11-13,11,1817.7058822618128,2328.003748966684,1745.0773319977075,0.0,20729.227828406652
2024-11-14,11,4107.405262294422,2359.778939058825,0.0,0.0,22248.10949929956
2024-11-15,11,4035.0685156105883,2149.5589854143377,0.0,0.0,21585.6179432753
2024-11-16,11,2530.827973867853,2920.438547370937,3012.4993219072503,0.0,21735.633500674616
2024-11-17,11,3296.8526500780567,1529.593209685568,5868.4030556667685,0.0,19401.743962307446
2024-11-18,11,3370.522639712054,1877.1763388488891,1331.4007411218047,0.0,19888.24036887256
2024-11-19,11,3195.5053243679304,2203.535357932929,4058.7285298838788,0.0,21874.94635853567
2024-11-20,11,2587.271134615935,1510.5650349806247,0.0,0.0,19719.644880796703
2024-11-21,11,2496.282474046461,2170.865518005568,3771.920154836675,0.0,22273.803999267675
2024-11-22,11,2980.834446756416,2997.661574577608,3441.307151699246,0.0,23725.3342720584
2024-11-23,11,3879.5467644445234,2259.398919733183,2266.8438028900036,0.0,22955.271777065183
2024-11-24,11,3407.7001159458246,2353.815407573408,0.0,0.0,22187.17113237352
2024-11-25,11,2722.0392509354206,1682.9258556723387,1142.0985486017128,0.0,19361.040977160304
2024-11-26,11,3578.7740329862586,1972.637366382235,0.0,0.0,21230.064820610347
2024-11-27,11,863.5930345274435,2081.161628854228,3298.1584659905257,0.0,20348.393705465198
2024-11-28,11,3861.5742752790775,2107.0282064596945,0.0,0.0,20122.251432678382
2024-11-29,11,1695.2146659164255,2826.7397077516957,4058.11832508715,0.0,23480.586588233866
2024-11-30,11,2728.169293947651,2500.960977326306,3367.6198402097107,0.0,23328.915534836917
2024-12-01,12,2160.247579030392,1749.8439193783356,0.0,0.0,19215.996433048334
2024-12-02,12,2028.9888932093206,2360.927150294402,0.0,0.0,20467.873242357306
2024-12-03,12,3870.620090533889,2474.199786823553,0.0,0.0,21595.91208554201
2024-12-04,12,2649.2240990160813,2763.06706733457,4186.734620177331,0.0,23473.80894762475
2024-12-05,12,3259.877911298037,2961.243308955768,4436.335405705979,0.0,24231.301430518764
2024-12-06,12,2964.809565840612,1793.207613677459,2761.889563687946,0.0,21599.3384418585
2024-12-07,12,3357.780620417341,1885.1141199553479,3046.0027472532743,0.0,21998.182148820197
2024-12-08,12,3057.6164182951916,1684.0899634884227,2095.385625006234,0.0,19928.03645178987
2024-12-09,12,2037.7558318585727,2144.691063401858,0.0,0.0,21726.433778175357
2024-12-10,12,3747.2001145853546,2459.86126850085,3665.4168236917785,0.0,22808.49432074321
2024-12-11,12,2629.6825626290156,2694.300532465096,4941.217436463749,0.0,22690.385516919756
2024-12-12,12,1832.5635760051869,2215.822039360865,0.0,0.0,20261.786668905075
2024-12-13,12,2678.9136292755657,2106.06861453532,0.0,0.0,21618.876191397616
2024-12-14,12,4125.569842975733,2318.291096511933,3231.4459225255723,0.0,23305.08954065886
2024-12-15,12,3637.66630658512,1874.1856942664897,0.0,0.0,20275.548282178876
2024-12-16,12,2738.5108991941056,3190.2924247626484,2784.3323624523678,15000.0,24491.182993646173
2024-12-17,12,2738.0567217611783,1526.5525377968738,2127.0389095462997,15000.0,21802.02465130752
2024-12-18,12,2758.773711586963,2333.1332605030757,3881.407528923571,15000.0,22641.007431034403
2024-12-19,12,4557.560987670631,3160.6227986533377,3721.1353625455818,15000.0,26188.48363545409
2024-12-20,12,3286.451589173665,2253.059930051999,2083.725899436275,15000.0,23841.227106114155
2024-12-21,12,3322.5312353933023,2164.4824342493275,4355.442801105496,15000.0,24073.907778175017
2024-12-22,12,3772.7125905238813,2089.149559735308,4170.198709196604,15000.0,24456.764938833458
2024-12-23,12,3179.091869269885,2168.8237432069163,3134.296497247793,15000.0,24395.690282772146
2024-12-24,12,2805.7183906344726,2867.7818136044384,3079.5978623760366,15000.0,25980.570658732526
2024-12-25,12,2852.737613186266,1254.6621399017217,0.0,15000.0,22090.038963676412
2024-12-26,12,2946.299055439452,2940.0451655833463,0.0,15000.0,24034.749494513002
2024-12-27,12,2972.083322617619,1609.2192813974348,0.0,15000.0,21581.97683280891
2024-12-28,12,3545.722157727735,2130.0064518445133,0.0,15000.0,22144.044310176494
2024-12-29,12,3038.9594143554746,2056.840010865602,0.0,15000.0,23128.92031419128
2024-12-30,12,3549.4800579116845,2514.848971396824,1438.5067775581406,15000.0,25567.569910587925
